index	attitude.roll	attitude.pitch	attitude.yaw	gravity.x	gravity.y	gravity.z	rotationRate.x	rotationRate.y	rotationRate.z	userAcceleration.x	userAcceleration.y	userAcceleration.z
0	-1.5563997	0.17014648	-1.5046576	0.97185534	-0.23403555	-0.006495343	0.451	-0.8438375	2.928475	-0.16910303	-0.5361938	0.11516506
1	-1.5737497	0.2214289	-1.5118641	0.95666176	-0.28900036	-0.02438213	0.66165	-1.241625	2.6657126	0.2171456	-0.43332383	0.07147693
2	-1.5909338	0.2796621	-1.5221846	0.94091535	-0.33459845	-0.045158576	0.66385	-1.167375	2.192025	0.32513973	-0.28038627	-0.07023897
3	-1.613887	0.32998523	-1.5350461	0.92691785	-0.37066287	-0.052432563	0.427625	-0.2168375	1.736625	0.06666018	-0.29997936	-0.21087019
4	-1.6268765	0.37086263	-1.5450846	0.91582656	-0.39828697	-0.04412157	0.278575	0.4739625	1.4034625	-0.09747786	-0.38509223	-0.24364601
5	-1.6217793	0.4025193	-1.5515522	0.90293115	-0.42700955	-0.041177094	-0.114125	-0.176	1.7824125	-0.15858859	-0.3805287	-0.23486266
6	-1.615047	0.43226066	-1.5527692	0.8801632	-0.47106275	-0.05224797	-0.2003375	-0.7737125	2.9156876	-0.20952098	0.031613186	-0.062935516
7	-1.625261	0.47595173	-1.5459061	0.84004676	-0.5356478	-0.08197612	0.1700875	-2.15545	4.2268877	-0.13841066	0.399975	0.07107399
8	-1.6566035	0.5441135	-1.5377365	0.7844005	-0.6109638	-0.103714556	1.3715625	-1.6405125	4.5727	-0.10958398	0.34633076	0.13980018
9	-1.6969756	0.6337195	-1.5403622	0.7220437	-0.6850532	-0.093122974	2.3090374	-1.05435	4.5951123	-0.08045351	0.18780553	-0.023497814
10	-1.7016367	0.7304547	-1.5725484	0.6611317	-0.74296075	-0.10114874	0.7478625	-2.7490375	3.5382874	0.51685	-0.01922582	-0.64564025
11	-1.7101306	0.8195717	-1.608867	0.6077387	-0.78262925	-0.13214627	-0.1821875	-2.11145	3.011525	0.4888974	-0.36457255	-0.20689042
12	-1.7694385	0.88452214	-1.6005925	0.55004776	-0.81907547	-0.16087312	-0.4387625	-2.2078376	3.3031626	0.07808682	-0.8036616	0.19746332
13	-1.8350395	0.9447389	-1.5680326	0.48600912	-0.85091203	-0.19763799	-0.71115	-2.5595624	3.2212124	0.04915909	-1.2508157	0.075206794
14	-2.0399976	1.0553297	-1.4336178	0.37339488	-0.89293194	-0.25013158	-1.5230875	1.3124375	3.05085	-0.14006156	-0.16833721	0.3714313
15	-2.1385899	1.0956577	-1.3208424	0.32564458	-0.9070582	-0.26555276	-1.2868625	1.2255375	3.077525	-0.21341215	0.283312	0.4293601
16	-2.2296872	1.1287025	-1.187025	0.27326366	-0.9208808	-0.2768081	-0.4142875	-0.2388375	2.8763626	-0.25541964	0.4245505	0.39393348
17	-2.4473975	1.1980311	-0.95637375	0.17663768	-0.9463961	-0.26916692	0.9766625	-1.544125	1.595	-0.22954288	0.11592207	0.29699564
18	-2.5415215	1.2341658	-0.8952016	0.14311557	-0.9573076	-0.2497958	0.98202497	-0.47547498	1.1683375	-0.20040913	-0.039940093	0.2168753
19	-2.610198	1.2712393	-0.8486784	0.13303104	-0.9634236	-0.23115903	0.7979125	0.9513625	0.216975	-0.11968242	-0.1302614	0.1748899
20	-2.6276522	1.2964808	-0.82941836	0.14655516	-0.9657177	-0.21267015	0.687225	1.732225	-0.5929	-0.05287014	-0.16578077	0.13173741
21	-2.4590755	1.3116778	-0.94415545	0.16605696	-0.96646655	-0.19412555	0.7244875	1.17425	-0.7228375	-0.06911506	-0.12547535	0.06282586
22	-2.4590755	1.3116778	-0.94415545	0.18031678	-0.9669827	-0.1781786	0.6989125	0.16733749	-0.586575	-0.1870446	-0.11405701	0.011710702
23	-2.3684344	1.3137603	-1.0221925	0.186268	-0.9679683	-0.16630809	0.639375	-0.6543625	-0.35035	-0.28749123	-0.096144855	0.038479347
24	-2.3102274	1.3172436	-1.0878079	0.18546362	-0.96984124	-0.15597671	0.5808	-0.5748875	-0.1364	-0.34754312	-0.036473714	0.11917243
25	-2.278079	1.3243248	-1.1357399	0.17969878	-0.9727742	-0.14399937	0.671275	-0.3790875	0.1530375	-0.38500458	0.012116718	0.13624707
26	-2.2539294	1.3353738	-1.1717268	0.17299166	-0.97598356	-0.12979919	0.802175	-0.2996125	0.278575	-0.3201935	0.06761959	0.11328542
27	-2.2242143	1.3489157	-1.2098737	0.16558069	-0.9792957	-0.11349323	0.9021375	-0.4010875	0.3084125	-0.27292013	0.0816351	0.071291395
28	-2.1841567	1.3644978	-1.2579316	0.15782967	-0.9823407	-0.097024076	0.836275	-0.1782	0.344575	-0.23316607	0.07102569	0.025770253
29	-2.135962	1.3804513	-1.3143812	0.14990142	-0.9849122	-0.08242747	0.7106	-0.2179375	0.3084125	-0.207195	0.039851043	-0.040309533
30	-2.0555995	1.4084432	-1.4088957	0.13732786	-0.98817456	-0.063004784	0.6425375	-0.9119	-0.0055	-0.18238902	-0.032008946	-0.06309613
31	-2.0173068	1.417572	-1.4663115	0.13801402	-0.98878825	-0.050667204	0.6840625	-0.3372875	-0.3364625	-0.144329	-0.013153608	0.0056060413
32	-1.9488149	1.4234246	-1.5495181	0.14962484	-0.9877144	-0.036742654	0.7063375	0.0364375	-0.77275	-0.05441078	0.016567588	0.0034093186
33	-1.8425674	1.4188328	-1.6592201	0.17096734	-0.9846936	-0.02157988	0.754325	0.108625	-1.225125	0.018222263	0.026696658	0.008735844
34	-1.7256898	1.4030659	-1.774255	0.19909146	-0.97962326	-0.00424836	0.8798625	0.2134	-1.4741375	0.01915014	0.028751675	0.05062451
35	-1.61836	1.3774773	-1.8793488	0.22896925	-0.97292596	0.017474165	1.0330375	0.4415125	-1.5145625	0.020984894	0.017375536	0.06407018
36	-1.5185928	1.346935	-1.9729979	0.26096928	-0.9640493	0.042676948	1.210825	0.61215	-1.6699375	0.10202764	0.004110424	0.031222133
37	-1.4306802	1.3122991	-2.0514665	0.29246214	-0.9532914	0.07084005	1.3311375	0.5168625	-1.6104	0.09082535	-0.073314026	-0.05137523
38	-1.3519144	1.2744535	-2.1190574	0.32204053	-0.94155794	0.09526557	1.1097625	-0.053625	-1.4986125	0.17112459	-0.14315157	-0.30096895
39	-1.293093	1.2370132	-2.1724143	0.34915036	-0.9308282	0.104739055	0.3509	-0.38953748	-1.3006124	0.20253159	-0.12697001	-0.48649743
40	-1.2777221	1.2043638	-2.1919298	0.37007806	-0.92297226	0.102379814	-0.2248125	0.0856625	-0.928125	0.11106873	-0.086309075	-0.23020856
41	-1.2964184	1.1807965	-2.1753142	0.3842802	-0.917597	0.098294	-0.44825	0.4918375	-0.73562497	0.17545986	-0.09452837	-0.022345986
42	-1.3163482	1.1658413	-2.14502	0.39841965	-0.9121392	0.09263474	-0.5515125	0.402875	-0.87285	0.30708498	-0.18429808	-0.023827402
43	-1.3367579	1.1528974	-2.1087277	0.41775844	-0.9045105	0.08158239	-0.6994625	-0.2388375	-1.1526625	0.35583484	-0.33738557	-0.1120564
44	-1.367587	1.1359596	-2.0681908	0.4401769	-0.8958678	0.0546124	-1.3113375	-1.4290375	-1.0984875	0.20283534	-0.42003432	-0.2610344
45	-1.4260503	1.1156615	-2.0152721	0.4562668	-0.88944	0.0058552288	-1.8998375	-2.1575124	-0.6738875	-0.036587894	-0.24848047	-0.13908154
46	-1.5288965	1.0998952	-1.9375683	0.46272242	-0.8849014	-0.04641932	-2.0381625	-1.7576625	-0.4120875	-0.17026065	-0.033752974	0.14897282
47	-1.6434903	1.0898416	-1.8497893	0.46374235	-0.88061935	-0.093646005	-2.1627374	-0.7434625	-0.069299996	-0.28892583	0.0029434608	0.23084785
48	-1.74722	1.0801091	-1.7596257	0.45644066	-0.88015825	-0.1276743	-2.306425	0.5933125	0.1040875	-0.2752939	-0.1012944	0.24561006
49	-1.82638	1.0792408	-1.6683083	0.45968893	-0.8735714	-0.15772092	-2.4245374	1.4442999	-0.1469875	-0.16988772	-0.28678036	0.23122247
50	-1.8890494	1.067533	-1.571574	0.47034836	-0.8608109	-0.19259925	-2.812975	0.867625	-0.505725	-0.15831472	-0.4873084	0.08454115
51	-1.9438695	1.0448521	-1.4767206	0.48004493	-0.84344256	-0.23974727	-2.991725	0.033275	-0.4673625	-0.289418	-0.53301	0.10794298
52	-2.0151381	1.0126547	-1.3801727	0.48194936	-0.82653356	-0.28962773	-2.6554	-0.5665	-0.1651375	-0.34872305	-0.38753375	0.23600386
53	-2.0933986	0.9806203	-1.2913522	0.46858612	-0.8184984	-0.3313681	-1.992375	-1.0940875	0.1370875	-0.31873903	-0.16212851	0.28141394
54	-2.2382445	0.9482844	-1.1694978	0.42841497	-0.80635	-0.40691262	-0.71005	-3.1823	0.0935	-0.13697767	0.15966806	0.114557885
55	-2.3112712	0.9400737	-1.14247	0.4011092	-0.7996493	-0.44608256	-0.7973625	-3.1310124	-0.1150875	-0.05523762	0.11360954	0.1040795
56	-2.3912308	0.93006325	-1.1228203	0.384125	-0.7906483	-0.47606772	-0.58134997	-2.0812	-0.5589375	0.05237346	0.026733892	0.29502797
57	-2.4533892	0.9158762	-1.1118516	0.38647807	-0.781567	-0.4889836	-0.22687499	-0.7580375	-1.0473375	0.10200817	-0.038203645	0.39673588
58	-2.4739497	0.90123725	-1.1209512	0.40423092	-0.7724759	-0.4890762	0.083875	0.2050125	-1.2282875	-0.0027018827	-0.025582239	0.3927459
59	-2.4587724	0.8862053	-1.144846	0.4234339	-0.766467	-0.4822337	0.327525	0.3001625	-0.85263747	-0.24259292	0.0844027	0.36683616
60	-2.4094386	0.87322927	-1.1903951	0.41990313	-0.77789927	-0.46676713	1.1757625	-0.6994625	0.379775	-0.49727318	0.27208886	0.21997814
61	-2.4093704	0.88558453	-1.2006975	0.4054963	-0.7980175	-0.44503707	1.8673875	-0.356125	0.7085375	-0.39184186	0.21453126	0.047177736
62	-2.4064956	0.91464216	-1.2164011	0.39244676	-0.820616	-0.41459846	1.7791125	0.530475	0.82995	-0.19714095	0.11531021	-0.19223638
63	-2.3915784	0.95319295	-1.2341683	0.39115933	-0.8368852	-0.3820136	1.2577125	1.2967625	0.412775	0.061241295	-0.10420044	-0.42573872
64	-2.356445	0.985775	-1.251621	0.3970209	-0.843287	-0.36132973	0.5542625	0.11605	-0.2673	0.29706168	-0.361713	-0.7267437
65	-2.315384	1.002629	-1.2724694	0.40105268	-0.83681726	-0.37176737	-0.5770875	-1.29085	-0.7792125	0.35165375	-0.54249465	-0.6435231
66	-2.3136346	0.99642336	-1.2836185	0.4077314	-0.8252938	-0.38982335	-0.5941375	-0.2828375	-0.7121125	0.20063253	-0.40345243	-0.11598706
67	-2.3337438	0.97548413	-1.2801732	0.42223194	-0.82025874	-0.38498464	0.1860375	1.1869	-0.5344625	-0.019678427	-0.09819695	0.090183415
68	-2.3206024	0.96330595	-1.2819602	0.43785417	-0.8239559	-0.3587442	0.8149625	1.88925	-0.05335	-0.24447496	-0.2741022	0.20450872
69	-2.272535	0.9660623	-1.2996231	0.44349194	-0.8352229	-0.32409087	1.176725	1.7898375	0.6149	-0.36418003	-0.49730012	0.5619043
70	-2.2163448	0.98268545	-1.3194566	0.43852314	-0.8510315	-0.28768027	1.0203875	1.8965375	1.0630125	-0.3702204	-0.5615067	0.4947139
71	-2.1359603	1.0359793	-1.3300151	0.42678386	-0.8618278	-0.27281168	-0.44825	0.6017	1.0181875	-0.38825175	-0.31268296	-0.18682136
72	-2.1737695	1.0452507	-1.2857243	0.39914823	-0.87209207	-0.28187412	0.5754375	0.3546125	0.5116375	-0.22463754	0.19614406	0.49574265
73	-2.1902711	1.0559148	-1.2700701	0.39451435	-0.88101023	-0.25980157	0.9106625	0.9450375	0.4296875	-0.1267315	0.05460354	0.4600003
74	-2.1640863	1.0738977	-1.2850207	0.39419526	-0.88947034	-0.22971651	0.9032375	1.1721874	0.1370875	0.005391905	-0.03387828	0.343478
75	-2.1126666	1.0934833	-1.3172945	0.40160382	-0.8923714	-0.20421812	0.76065	1.2046375	-0.23539999	0.104206584	-0.088056706	0.27894288
76	-2.0565565	1.1020837	-1.3523916	0.4136076	-0.8920545	-0.18023622	0.79475	1.0852875	-0.4844125	0.10779912	-0.08083542	0.27278972
77	-1.9978952	1.1026977	-1.3913786	0.42556408	-0.89258575	-0.14663926	1.67585	0.968	-0.3535125	0.06292219	-0.005273595	0.23379521
78	-1.925927	1.1021216	-1.4482547	0.43050358	-0.89630073	-0.10309684	2.0972874	0.5671875	-0.047025	-0.029387385	0.064297676	-0.07162792
79	-1.8310807	1.1093343	-1.5355818	0.4284359	-0.89989597	-0.07711673	1.111825	-0.2116125	0.1392875	-0.083282985	-0.0053027594	-0.2955591
80	-1.7345604	1.1233115	-1.6458132	0.42657888	-0.90145344	-0.06876957	0.451	-0.5027	-0.015125	-5.849883E-4	-0.062155064	0.052974455
81	-1.7345604	1.1233115	-1.6458132	0.42555672	-0.9024343	-0.06189753	0.40205	-0.302775	-0.080025	-0.038599554	-0.019385349	0.24426758
82	-1.7198676	1.1259644	-1.6701889	0.42669904	-0.9026343	-0.04996399	0.76065	0.142175	-0.1395625	-0.13648498	0.039132822	0.22886306
83	-1.6981021	1.1265755	-1.6961074	0.4291514	-0.9024642	-0.026555585	1.1969374	0.5891875	-0.1364	-0.18133794	0.08636332	0.18496537
84	-1.5803944	1.1263452	-1.8011597	0.42771116	-0.902691	0.039107315	1.4311	0.932525	0.0977625	-0.107420616	0.056314807	0.05947067
85	-1.5014081	1.1267197	-1.8672736	0.4215146	-0.90352744	0.07267049	1.457775	0.703175	0.263725	-0.10755436	-0.015325769	-0.002334096
86	-1.4213024	1.1285216	-1.9360912	0.4136797	-0.90403837	0.10440776	1.5844125	0.335775	0.3499375	-0.09563688	-0.1315427	-0.06067687
87	-1.3445114	1.1300944	-2.008212	0.4061298	-0.90338844	0.13514937	1.6951	-0.0891	0.396825	-0.07972309	-0.18326294	-0.1399353
88	-1.2694589	1.1292067	-2.0878465	0.39952806	-0.9025001	0.15870747	1.3140875	-0.4973375	0.427625	-0.021653436	-0.13725531	-0.37613866
89	-1.2065986	1.1268951	-2.16293	0.3951443	-0.9031934	0.16558993	0.27115	-0.3843125	0.393525	0.125345	-0.035751507	-0.6420425
90	-1.1780788	1.1268585	-2.207008	0.38953716	-0.9065336	0.16054468	-0.6397875	0.8864625	0.2861375	0.2449124	0.006946462	-0.49224195
91	-1.1808894	1.1334652	-2.2022676	0.38380992	-0.90971804	0.15626849	-0.7803125	1.439075	0.120037496	0.28366715	-0.019440956	-0.16299632
92	-1.1856976	1.1415758	-2.1704874	0.38274032	-0.9110471	0.15106405	-0.7079875	0.7398875	-0.2332	0.33204558	-0.09740854	-0.056369852
93	-1.1921204	1.1465758	-2.1361065	0.39624304	-0.90741473	0.13750212	-0.734525	-0.5905625	-1.0197	0.46410865	-0.25435892	-0.06767032
94	-1.2243328	1.1416152	-2.0959094	0.42801738	-0.89659023	0.110653035	-1.0091125	-1.67915	-1.8071625	0.4675025	-0.44030577	-0.1147356
95	-1.2962433	1.1202838	-2.0393364	0.46377194	-0.8831013	0.06606878	-1.7210875	-2.3826	-1.6614125	0.14407209	-0.42495677	-0.20195563
96	-1.4002756	1.09006	-1.9651328	0.48843896	-0.8721954	0.004466498	-2.470325	-2.22145	-1.111275	-0.08976924	-0.26103094	-0.060016952
97	-1.5295553	1.0655671	-1.8707976	0.4968206	-0.86553454	-0.057763513	-2.991725	-1.05325	-0.5322625	-0.26368606	-0.16952664	0.16123445
98	-1.657324	1.0509268	-1.7615739	0.50054157	-0.85764056	-0.11501407	-3.3812625	0.2635875	-0.3227125	-0.3027893	-0.24124323	0.24487646
99	-1.772243	1.0362647	-1.638705	0.5073396	-0.8462855	-0.16038851	-3.4472625	1.884025	-0.19813749	-0.33527538	-0.45198667	0.3368411
100	-1.8618978	1.0153092	-1.5109613	0.5197558	-0.83288556	-0.18834224	-3.1098375	2.8083	-0.2556125	-0.36276802	-0.62755793	0.34919852
101	-1.9122581	0.990962	-1.3957841	0.5288489	-0.81626827	-0.23095901	-3.7697	0.011275	-0.2459875	-0.33210576	-0.6897409	-0.17443855
102	-2.068805	0.9306782	-1.1814048	0.50815904	-0.7881156	-0.3463601	-1.13685	-1.8445625	0.2127125	-0.37288377	0.048666067	0.44819492
103	-2.1539946	0.90994304	-1.1234431	0.48912457	-0.7857995	-0.3776152	-0.669625	-2.0372	0.3350875	-0.2518157	0.16622767	0.20799747
104	-2.2143278	0.90457255	-1.096749	0.4686702	-0.7824623	-0.40916815	-0.6824125	-2.2235124	0.0594	-0.055627402	0.16850209	0.10285319
105	-2.2748206	0.9004873	-1.0764903	0.4594214	-0.7719677	-0.4385371	-0.6568375	-1.945075	-0.726	0.1694318	0.13118786	0.20011202
106	-2.3290539	0.8562376	-1.0949749	0.5016649	-0.7317261	-0.4606801	0.10615	-0.29741248	-1.9806875	0.027387075	0.034279633	0.40512964
107	-2.3206043	0.82754713	-1.1287916	0.52895576	-0.71617466	-0.45455125	0.5435375	0.11385	-1.729475	-0.24313009	0.09151107	0.4378387
108	-2.290012	0.80284095	-1.1699926	0.5486969	-0.7084593	-0.44309667	1.012825	-0.2189	-1.2123375	-0.40099046	0.1802177	0.4681731
109	-2.257637	0.78860724	-1.2123814	0.55580854	-0.710484	-0.43082055	1.4438875	-0.7528125	-0.62067497	-0.45672598	0.22638619	0.44447502
110	-2.2349215	0.7880023	-1.253087	0.5521802	-0.7218213	-0.41639844	1.8462125	-0.863775	-0.0757625	-0.4162016	0.17575099	0.37541986
111	-2.221355	0.800988	-1.2925193	0.545707	-0.74191433	-0.38869616	2.3420374	-1.375E-4	0.3477375	-0.28332168	0.057403658	0.18858911
112	-2.2000043	0.8275363	-1.3350827	0.5434039	-0.7647875	-0.34515184	2.371875	0.941875	0.4500375	-0.122104235	-0.06966202	-0.3386402
113	-2.1527436	0.86232895	-1.3829962	0.5400415	-0.7799799	-0.31512496	1.0330375	-0.3278	0.314875	0.027037978	-0.38332286	-1.047872
114	-2.103006	0.89067817	-1.4264268	0.53338265	-0.7780056	-0.33094975	-0.8856375	-1.0239625	-0.25135	0.40167856	-0.7207712	-1.1022766
115	-2.118187	0.8949151	-1.4268599	0.5463778	-0.763685	-0.34289017	-1.16655	1.645325	-0.73974997	0.47583932	-0.4474312	-0.50756854
116	-2.1369984	0.8752613	-1.3987516	0.5812443	-0.747482	-0.32053468	-0.1269125	2.5779874	-0.947375	0.11111044	0.03566246	0.18311878
117	-2.090668	0.8486719	-1.392489	0.5967266	-0.7469954	-0.29194608	0.59785	1.1626999	-0.080025	-0.36359203	-0.09990064	0.50673205
118	-2.0358458	0.84251577	-1.4051893	0.59225965	-0.7585453	-0.2704724	0.6521625	0.7827875	0.748	-0.4263116	-0.45062903	0.5758699
119	-2.005772	0.85627747	-1.4173464	0.57954156	-0.7719688	-0.25983217	-0.1684375	0.065725	1.1490875	-0.26833364	-0.8740098	0.17685053
120	-2.033207	0.8942191	-1.3783314	0.5384819	-0.79693604	-0.27248442	0.34141248	1.429725	0.802175	-0.28608125	-0.12488355	0.4211083
121	-2.0471423	0.9178253	-1.3567978	0.5350633	-0.8084445	-0.24380735	0.605275	1.7898375	0.7574875	-0.22700523	0.20671667	0.67571867
122	-2.0100718	0.9367822	-1.359765	0.5307784	-0.8187039	-0.2175215	0.56485	1.2967625	0.624525	-0.12527382	0.26508003	0.4254726
123	-1.9694476	0.9551983	-1.3695728	0.52999467	-0.82366437	-0.19999944	0.3009875	0.74085	0.1637625	0.102314234	0.21754818	0.303975
124	-1.9381866	0.9665804	-1.3802891	0.53907645	-0.8200638	-0.19028623	0.20405	0.2792625	-0.54725	0.2560306	0.090904795	0.3164789
125	-1.9154308	0.963804	-1.3930799	0.5554244	-0.8108869	-0.18243696	0.53075	0.087725	-1.13355	0.24774072	-0.07015286	0.34838498
126	-1.8957967	0.9502569	-1.4129533	0.5787022	-0.80099094	-0.15111154	1.6790125	1.4788125	-1.2282875	0.11385131	-0.109605365	0.3352094
127	-1.8479214	0.93272793	-1.456994	0.59728205	-0.7958253	-0.09609099	1.9845375	1.6097125	-1.03785	-0.067312635	-0.052492768	0.18029588
128	-1.753732	0.9239017	-1.5311623	0.6109966	-0.7895606	-0.05093241	1.5833125	1.276825	-0.67595	-0.20110366	-0.030210039	-0.121544644
129	-1.6722289	0.9128878	-1.5956678	0.61111516	-0.79050046	-0.031059979	0.7128	0.27719998	-0.127875	-0.29082462	-0.044866487	-0.4481449
130	-1.6288847	0.9123073	-1.6300918	0.6082014	-0.7929626	-0.024865834	0.4541625	-0.0891	0.0647625	-0.14856836	-0.04537074	-0.13762653
131	-1.6154212	0.9155046	-1.6466839	0.60480416	-0.7958528	-0.0121466145	0.59565	0.2740375	0.099825	-0.06749525	-0.027801694	0.13885915
132	-1.5974452	0.92013586	-1.6655365	0.60076296	-0.7989836	0.005188302	0.6818625	0.5273125	0.232925	-0.07782721	0.006322977	0.1573958
133	-1.5706506	0.92476374	-1.6879627	0.59584165	-0.80223024	0.026776643	0.8415	0.845625	0.30525	-0.06587221	0.05349933	0.13479829
134	-1.5371838	0.9299978	-1.71363	0.58831954	-0.80607176	0.05870036	1.2225125	1.3292125	0.4063125	-0.055903636	0.026056452	0.087477006
135	-1.4879063	0.93639064	-1.7482508	0.5791419	-0.8088223	0.09858161	1.6055875	1.3167	0.4137375	0.0055675716	-0.0773092	-0.039254397
136	-1.4215223	0.941802	-1.7969505	0.56929487	-0.8102021	0.1370876	1.6748875	0.7555625	0.49568748	0.035185233	-0.14678559	-0.22974816
137	-1.3014607	0.94718164	-1.9104598	0.5547271	-0.81537825	0.16356418	0.4723125	-0.6062375	0.53515	0.2258081	0.02832928	-0.46520028
138	-1.2865947	0.9520434	-1.9446121	0.5500398	-0.818493	0.1638369	-0.05775	0.24475	0.3212	0.33375216	0.043156628	-0.25874516
139	-1.2840897	0.9577386	-1.9558575	0.54742616	-0.8201284	0.16441213	-0.3779875	0.54202497	0.0583	0.34145764	0.053767543	-0.14708796
140	-1.2805645	0.96139103	-1.9500085	0.5515185	-0.81837106	0.1594155	-0.4536125	-0.0336875	-0.3768875	0.3856834	0.05649028	-0.21741244
141	-1.2866607	0.9603171	-1.934378	0.56731516	-0.81071585	0.14216317	-0.6175125	-1.1160874	-1.045275	0.44603345	-0.011715368	-0.30373812
142	-1.3149301	0.9502204	-1.9105926	0.5987757	-0.79275215	0.11103603	-0.6419875	-2.1220374	-2.057275	0.54301333	-0.15790537	-0.13366601
143	-1.371263	0.92531323	-1.8783479	0.6469845	-0.7588028	0.07032787	-0.800525	-2.4454374	-3.2151625	0.5499574	-0.2816712	-0.06349301
144	-1.4444196	0.8774332	-1.8413786	0.7037455	-0.7097455	0.017912349	-1.3794	-2.76265	-3.88025	0.23570405	-0.25773156	-0.06612335
145	-1.5247014	0.8086704	-1.79759	0.756253	-0.6521826	-0.04534984	-1.9732625	-2.6244626	-4.01115	-0.08469337	-0.19226691	0.12291865
146	-1.6106712	0.7312958	-1.746544	0.7933517	-0.59902203	-0.10527381	-2.617175	-1.9419125	-3.4386	-0.24992663	-0.25204828	0.24808729
147	-1.6855643	0.6611892	-1.692531	0.8205031	-0.5485037	-0.1588557	-3.3738375	-0.6303	-2.3148124	-0.20531966	-0.44507435	0.30309117
148	-1.750074	0.5952013	-1.6247	0.8399193	-0.50799304	-0.18919852	-3.7899125	1.1649	-1.3655125	0.01165563	-0.703429	0.3248713
149	-1.7888327	0.5436995	-1.543714	0.8545509	-0.47383472	-0.21104695	-4.3124123	0.207075	-0.977075	0.2694094	-0.91382587	-0.07162888
150	-1.8039132	0.50343615	-1.457916	0.8612791	-0.44116515	-0.25077683	-3.336575	0.4519625	-0.7621625	0.25615215	-0.8273364	-0.33923846
151	-1.8496692	0.46507785	-1.3674763	0.868767	-0.42194644	-0.2579194	-1.455025	0.3933875	-0.57915	-0.081412286	-0.30649394	0.060778737
152	-1.8591833	0.44027996	-1.3158728	0.86933583	-0.41345367	-0.26949713	-0.179025	-0.87945	-0.1428625	-0.32641533	-0.07309067	0.35348794
153	-1.8923889	0.4284498	-1.302463	0.8405238	-0.4271463	-0.33223996	1.6513749	-3.3361626	-0.0342375	-0.26804674	0.019501034	0.52439594
154	-1.9902272	0.44785213	-1.362608	0.7993472	-0.42691672	-0.4220234	1.2991	-3.2932625	-1.222925	0.10635617	0.084409066	0.23170227
155	-2.0448492	0.4433874	-1.4016055	0.79579335	-0.41120195	-0.4437829	1.0426625	-1.296075	-1.4900875	0.12021584	0.09846492	0.33838534
156	-2.0774517	0.42764464	-1.4351097	0.8029082	-0.4022714	-0.43912733	1.2991	0.0605	-0.9653875	-0.1859816	0.119090974	0.43168086
157	-2.0584114	0.4161041	-1.4926049	0.81450814	-0.4204524	-0.39889073	2.13455	0.7106	-0.0364375	-0.45589963	-0.0482479	0.23467053
158	-2.0349855	0.4293151	-1.5243641	0.82118803	-0.44017598	-0.36223274	2.16755	1.2370875	0.24887499	-0.42129505	-0.11517571	0.044189923
159	-1.9978063	0.4502098	-1.5586009	0.8252063	-0.46207836	-0.32378337	1.7802125	1.2579875	0.3243625	-0.20808089	-0.13597976	-0.10190471
160	-1.9558039	0.47556785	-1.5894867	0.82920766	-0.47591063	-0.29196027	1.291675	1.0131	0.2435125	-0.031852867	-0.17587835	-0.33903357
161	-1.9182997	0.49275264	-1.6130278	0.8285814	-0.48460802	-0.27915126	0.1678875	-0.302775	0.2850375	0.09599048	-0.32415345	-0.9898549
162	-1.8952392	0.50439125	-1.6239989	0.8245763	-0.48013777	-0.29809234	-0.572825	-0.7475875	-0.3757875	0.68296194	-0.37674296	-0.7589872
163	-1.9218364	0.48891228	-1.5974649	0.84067506	-0.45060867	-0.29922312	-0.1502875	0.17985	-0.4983	0.05331574	0.29128143	0.20411609
164	-1.9145033	0.4701258	-1.5896472	0.84372956	-0.4504117	-0.29080322	0.1211375	0.856075	0.2904	-0.085732594	0.1980111	0.27867782
165	-1.8853291	0.4766454	-1.5780116	0.8395152	-0.47833604	-0.25637075	0.884125	-0.0273625	0.6021125	0.4832218	-0.8348138	0.4324105
166	-1.869668	0.49466664	-1.5867735	0.8346694	-0.4815373	-0.26601872	-0.4547125	-0.161425	-0.1034	0.2976394	-1.0716736	-0.49127486
167	-1.8609617	0.508794	-1.5733083	0.8431834	-0.4917341	-0.21576965	0.293425	1.105225	0.47341248	-0.62911606	-0.024779685	0.507207
168	-1.8281533	0.5115266	-1.5696827	0.8385555	-0.50506663	-0.20260786	0.5127375	0.11385	0.6862625	-0.38331085	0.0426813	0.4544886
169	-1.8102516	0.5256332	-1.5707998	0.83199185	-0.515837	-0.20253135	0.63827497	-0.6974	0.30635	-0.10477473	0.062518984	0.40762308
170	-1.8085704	0.5398743	-1.5764748	0.8284652	-0.5213655	-0.20283112	1.0278125	-0.42941248	-0.0490875	0.058186185	-0.052029006	0.3959045
171	-1.7917007	0.5533974	-1.6146337	0.8362796	-0.5326051	-0.12761363	1.7248	1.8431875	-0.0598125	0.026518561	-0.27004015	0.19866867
172	-1.7377326	0.56081724	-1.6497654	0.8370232	-0.53942376	-0.08793068	1.016125	1.13025	0.2127125	-0.2974666	-0.12265578	-0.3101274
173	-1.6851571	0.56838936	-1.6802915	0.8337663	-0.5463105	-0.07547011	0.442475	0.218625	0.2424125	-0.26495895	-0.06622772	-0.287221
174	-1.6643854	0.57681245	-1.6914747	0.8305441	-0.55279076	-0.062739156	0.525525	0.4090625	0.2222	-0.029320866	-0.091964625	0.19770859
175	-1.6287526	0.5944881	-1.7088386	0.8214078	-0.5696153	-0.0120310215	0.654225	1.384625	0.3212	-0.034358863	-0.015094155	0.16871299
176	-1.5543408	0.6106782	-1.7358658	0.81351644	-0.57755595	0.06274893	0.79048747	1.88925	0.329725	-0.035427734	0.10955899	0.024101226
177	-1.5070227	0.6147189	-1.7514827	0.8071064	-0.5812129	0.100439325	0.9032375	1.6621	0.5042125	0.028260596	0.07398048	-0.111142695
178	-1.4595878	0.6186144	-1.7691532	0.7979287	-0.58789307	0.1304175	0.9373375	0.9387125	0.6276875	0.15242301	-0.053192567	-0.2531545
179	-1.4180549	0.62647796	-1.7910352	0.78886884	-0.5954099	0.14996693	0.869275	0.43835	0.6584875	0.19105469	-0.11040048	-0.27412593
180	-1.3895854	0.63574994	-1.8141958	0.7814781	-0.6017235	0.16290541	0.63085	0.2624875	0.5479375	0.15083078	-0.022236748	-0.2187617
181	-1.3577186	0.64916766	-1.8459076	0.7716786	-0.6096927	0.17917603	-0.1684375	0.575575	0.329725	0.23585959	0.05628287	-0.28824332
182	-1.3427765	0.6603682	-1.8392408	0.76955885	-0.61617804	0.16559362	-0.4918375	-0.5790125	-0.0661375	0.49068582	0.1401383	-0.06651104
183	-1.3548238	0.66412646	-1.8246531	0.7774457	-0.6111965	0.1460616	-0.0449625	-1.3630375	-0.4918375	0.67342585	0.20986626	0.053128004
184	-1.3785396	0.6603887	-1.8131479	0.79132974	-0.59877837	0.12074267	0.46805	-2.1104875	-0.7887	0.78971004	0.19408421	0.02960901
185	-1.4108863	0.64667606	-1.8121121	0.8059427	-0.5847744	0.088386975	0.5105375	-2.583625	-0.7473125	0.5707087	0.029621502	-0.15791298
186	-1.4509315	0.6290429	-1.8191042	0.81837773	-0.572577	0.041600738	0.0583	-3.307975	-0.6791125	0.19405347	-0.1761539	-0.19042337
187	-1.5042579	0.6134804	-1.8210196	0.824337	-0.5652908	-0.015238861	-0.4195125	-3.23675	-0.5515125	-0.06603421	-0.1702902	0.10606455
188	-1.636772	0.6007704	-1.792029	0.8262704	-0.5502814	-0.11740912	-2.1212125	-1.518	-0.77701247	-0.09783002	-0.34757796	0.24748558
189	-1.6984563	0.5883548	-1.7501062	0.83555275	-0.5258953	-0.15685183	-3.1493	-0.0127875	-1.1941875	0.07167966	-0.5941812	0.2942677
190	-1.74803	0.56282264	-1.6869026	0.8510254	-0.49003932	-0.18690853	-3.8889124	0.2300375	-1.4794999	0.15967803	-0.83606166	0.14715318
191	-1.8359768	0.47772187	-1.5188235	0.855716	-0.42291158	-0.29700717	-1.9743625	-0.614625	-0.561	-0.06917162	-0.6238774	0.022389423
192	-1.9209477	0.42573518	-1.4191474	0.8484188	-0.40656474	-0.33794647	-0.358875	-1.328525	0.0295625	-0.36849523	-0.013312919	0.25741133
193	-1.9431257	0.41928938	-1.4081546	0.8347685	-0.40716842	-0.36971974	-0.2673	-1.9586875	0.2105125	-0.33313242	0.028773913	0.32904696
194	-1.9778696	0.41899	-1.3990823	0.8170034	-0.40986708	-0.4047612	-0.001375	-2.0780375	0.2019875	-0.23423582	0.063490935	0.43258995
195	-2.0208483	0.42146462	-1.3913217	0.80055463	-0.4135732	-0.4328816	0.572275	-1.7985	-0.1087625	-0.0549889	0.10378727	0.48976234
196	-2.0594397	0.42556515	-1.3930463	0.7925133	-0.41106123	-0.44974306	0.87023747	-1.4059374	-0.627	0.118297026	0.1730337	0.36411613
197	-2.0958543	0.42041487	-1.4310311	0.78798705	-0.412288	-0.45652202	1.341725	-0.40535	-0.257675	-0.24384333	0.17793022	0.39750063
198	-2.0974903	0.42280883	-1.4546008	0.7893305	-0.42375836	-0.4435125	1.64615	0.304425	-0.12155	-0.29819897	0.049752243	0.36053085
199	-2.0597982	0.45020953	-1.5097377	0.81003827	-0.4568128	-0.36671185	1.932425	1.88705	0.099825	-0.20433491	-0.1088294	-0.045107722
200	-2.010491	0.4700906	-1.5431204	0.8196288	-0.47340718	-0.3215773	1.74405	1.5888125	0.2531375	-0.0432832	-0.15156227	-0.24253584
201	-1.9175705	0.50602496	-1.6006237	0.8157053	-0.49038407	-0.30572084	-0.1577125	-1.254275	-0.161975	0.55677176	-0.48586974	-1.0487134
202	-1.9235704	0.5138373	-1.6059083	0.8178425	-0.48045406	-0.31561804	-0.7046875	0.3221625	-0.470525	0.6164083	-0.14696184	-0.37378564
203	-1.9401056	0.50490826	-1.5942518	0.82899815	-0.46349323	-0.31185427	-0.2982375	0.337975	-0.44715	0.20780611	0.30681124	0.2729093
204	-1.9326996	0.4848021	-1.5803876	0.8328519	-0.45965588	-0.30723208	0.0614625	0.4855125	0.050875	-0.0045185303	0.21795863	0.3457642
205	-1.9111807	0.483857	-1.5715469	0.834472	-0.46751675	-0.2905196	0.3966875	0.8111125	0.477675	0.17939654	-0.45430288	0.4249691
206	-1.8955901	0.49732926	-1.5714883	0.8317175	-0.47924358	-0.27908528	0.032725	0.1463	0.5702125	0.35991862	-0.929625	0.11139416
207	-1.9082925	0.50158125	-1.5527222	0.8316073	-0.49014243	-0.2598216	0.1508375	1.78035	0.1934625	-0.31214246	-0.31455177	0.6707237
208	-1.8513055	0.5221227	-1.54449	0.8267309	-0.51663435	-0.22118397	0.55	0.14739999	0.6340125	-0.25322935	0.15383622	0.41211668
209	-1.8307813	0.5510817	-1.5591276	0.81995845	-0.53190213	-0.20991671	1.1416625	0.26675	0.2360875	0.16219755	0.041993845	0.36760783
210	-1.7944531	0.570978	-1.6026723	0.8207142	-0.543088	-0.17550182	1.74295	1.3888875	0.3339875	0.29446933	-0.09360921	0.29435503
211	-1.7417877	0.5822376	-1.642273	0.8240643	-0.55073696	-0.13009132	1.8557	1.516625	-0.0171875	0.21324459	-0.10787159	0.12703323
212	-1.6961036	0.5886763	-1.6772574	0.825136	-0.5558315	-0.09756701	1.1394625	0.6205375	0.082775	-0.212399	-0.048342828	-0.3354605
213	-1.6797324	0.59417367	-1.6975633	0.82333887	-0.56013674	-0.08761744	0.79585	-0.0933625	0.0785125	-0.2601432	-0.0728908	-0.1598902
214	-1.6663347	0.6016456	-1.7162873	0.8201045	-0.5666702	-0.07503914	0.8883875	0.11495	0.17435	-0.09166409	-0.0588191	0.20909111
215	-1.6443942	0.6106221	-1.7367115	0.8142147	-0.5793757	-0.026367359	0.79048747	1.288375	0.2264625	-0.030529728	0.034222763	0.16846216
216	-1.6131202	0.61719805	-1.7547473	0.8120873	-0.5828921	0.008236694	0.6989125	1.6966125	0.2349875	-0.07213316	0.097876824	0.11306301
217	-1.5723858	0.6216402	-1.7704366	0.80762094	-0.5873909	0.04513778	0.72985	1.7604125	0.36905	-0.0972234	0.099929124	0.013883629
218	-1.4833001	0.6326638	-1.802807	0.793203	-0.59900784	0.10647183	1.08735	0.69795	0.5957875	0.1616441	-0.039111435	-0.15428528
219	-1.4458878	0.640533	-1.8270282	0.78500444	-0.6057298	0.12718856	1.1587125	0.3839	0.6425375	0.1983748	-0.06093687	-0.17347297
220	-1.3951156	0.6560848	-1.8826884	0.7752402	-0.61310035	0.14976005	0.3306875	0.2783	0.346775	0.15003504	0.110241	-0.26688543
221	-1.3835496	0.6591617	-1.8972735	0.77314234	-0.6147719	0.15370017	-0.18865	0.28875	0.198825	0.23858553	0.1426006	-0.21608551
222	-1.3761073	0.6614976	-1.8989269	0.77266246	-0.61639935	0.1495385	-0.474925	-0.008525	0.089237496	0.34915712	0.16237792	-0.13761191
223	-1.3784937	0.6638267	-1.8909745	0.7740154	-0.61700964	0.13970144	-0.4461875	-0.4596625	-0.0044	0.44352284	0.20080166	-0.13633753
224	-1.3888657	0.6651216	-1.8789817	0.77976066	-0.6144108	0.11742925	-0.1832875	-1.5892249	-0.2981	0.5737562	0.1766891	-0.07420295
225	-1.4131376	0.6635286	-1.8673818	0.7907586	-0.6050675	0.08894642	0.129525	-1.9042375	-0.6887375	0.6838591	0.06970052	-0.09689749
226	-1.4500921	0.65389323	-1.8609453	0.80386865	-0.5920819	0.05051383	-0.056649998	-2.9008374	-0.81221247	0.47706404	-0.10588443	-0.25357193
227	-1.4937313	0.63820857	-1.8569663	0.8154078	-0.57823706	-0.008322555	-0.440825	-3.458675	-0.87285	0.24677877	-0.17997395	-0.060897633
228	-1.5627338	0.6214543	-1.8445404	0.8154078	-0.57823706	-0.008322555	-0.6642625	-2.91225	-0.96648747	0.1527447	-0.17750533	0.2971886
229	-1.742258	0.5509542	-1.7584532	0.85581857	-0.4835883	-0.18175425	-3.55465	0.6969875	-1.2846625	0.084135555	-0.7941946	0.26615793
230	-1.7751768	0.5150865	-1.6833144	0.8668886	-0.4446278	-0.22389255	-4.543275	-1.384075	-1.275175	0.18560378	-1.0609839	-0.118813865
231	-1.8068644	0.47278225	-1.5995432	0.86793613	-0.40652934	-0.2841445	-3.0460374	-0.5434	-0.9345875	0.00749203	-0.9755349	-0.2213601
232	-1.8791738	0.42804158	-1.5114036	0.87064034	-0.39226785	-0.2956828	-1.2071126	0.14739999	-0.70785	-0.25545686	-0.32638657	0.079169035
233	-1.8975772	0.40860784	-1.4702786	0.8726214	-0.3814056	-0.30393857	-0.4109875	-0.474375	-0.194975	-0.46639815	-0.03705005	0.3056664
234	-1.9035245	0.39310685	-1.4561923	0.8647792	-0.3828824	-0.3238446	0.032725	-1.44155	0.2904	-0.5413388	-0.020894386	0.42395163
235	-1.9223511	0.39167765	-1.4515871	0.8483915	-0.39156497	-0.35528305	0.4393125	-2.28635	0.3647875	-0.4138349	0.03396558	0.4697632
236	-2.0052845	0.40749508	-1.4589044	0.8146955	-0.38792163	-0.43023902	0.3169375	-1.7598625	-0.635525	0.13351557	0.104236625	0.2091381
237	-2.049669	0.4006545	-1.4692736	0.8190835	-0.3721054	-0.43584085	0.34141248	0.14739999	-0.7877375	0.16084003	0.19881791	0.16469409
238	-2.0487187	0.3770592	-1.4909484	0.8312428	-0.37910703	-0.4057472	1.4012625	0.61105	0.17325	-0.3420532	0.12864833	0.35701632
239	-2.030979	0.3851592	-1.5075623	0.8352951	-0.39760485	-0.37882692	1.7908	0.9439375	0.395725	-0.36924008	-0.008098527	0.25853637
240	-2.0050771	0.40359122	-1.5325693	0.8392464	-0.41955447	-0.34490174	1.8004249	1.2078	0.53515	-0.3500568	-0.058625985	0.12991703
241	-1.9707426	0.42726654	-1.5615383	0.8416088	-0.44042346	-0.31151095	1.503425	1.0487125	0.5457375	-0.21296966	-0.053873166	-0.041898843
242	-1.907675	0.47042206	-1.608878	0.8373588	-0.46767136	-0.28183517	0.229625	0.100237496	0.3510375	0.38384923	-0.30908704	-0.92683464
243	-1.8938258	0.48723516	-1.6105433	0.84767294	-0.45470503	-0.27205065	-0.867625	0.9042	-0.4747875	0.42327505	0.06999556	-0.24374446
244	-1.8725426	0.45703906	-1.577563	0.86245596	-0.43979934	-0.24912441	0.1285625	0.87175	0.1189375	0.2129722	-0.35775417	0.28357396
245	-1.8571966	0.4549156	-1.5712345	0.86065465	-0.4494944	-0.23779273	0.26895	0.407	0.67347497	0.34679183	-0.8922946	0.32586613
246	-1.843211	0.4628816	-1.5712937	0.85862046	-0.4616723	-0.22123897	0.30415	1.1083875	0.4404125	0.28613484	-0.9791993	0.35773745
247	-1.8296285	0.47766373	-1.5724676	0.86309195	-0.46600768	-0.19294167	0.279675	1.481975	-0.1023	-0.12069132	-0.5766987	0.30058694
248	-1.7995579	0.4852776	-1.5770103	0.86740124	-0.46590936	-0.17280255	0.1573	0.6540875	-0.0246125	-0.4799395	-0.12511511	0.3133683
249	-1.7717533	0.48494795	-1.5818772	0.86695045	-0.46860248	-0.16770832	0.0444125	0.3337125	0.2574	-0.5261707	0.079000026	0.1590386
250	-1.7641528	0.4867202	-1.5821849	0.86583805	-0.4777045	-0.14642458	0.4115375	1.3061125	0.5691125	-0.351465	0.062719785	0.17761724
251	-1.7463323	0.4952032	-1.584552	0.86249727	-0.48956835	-0.12545359	0.6254875	0.411125	0.3892625	0.020790197	-0.18546224	0.30537716
252	-1.719496	0.5095463	-1.5943791	0.86085147	-0.4946515	-0.11649914	0.6840625	0.1997875	0.0488125	0.15546359	-0.3119693	0.2881658
253	-1.7088435	0.51707804	-1.6076328	0.8614741	-0.498782	-0.09162752	0.785125	1.4579124	0.051975	-0.019272288	-0.27389383	0.21681102
254	-1.6869255	0.5218628	-1.6238974	0.8608806	-0.5057581	-0.04909412	0.702075	2.17085	0.2116125	-0.18147692	-0.13970059	0.06978219
255	-1.6412872	0.5293566	-1.6419584	0.8586711	-0.5118025	-0.007711935	0.43395	1.873575	0.2893	-0.18711148	-0.06943599	-0.10135535
256	-1.5910695	0.53619045	-1.6570655	0.85496616	-0.5177783	0.015999574	0.1040875	0.9167125	0.2987875	-0.14284077	-0.04001986	-0.086443
257	-1.539169	0.5509776	-1.6671299	0.8438078	-0.5327116	0.05936019	0.0380875	1.65055	0.2583625	-0.056957636	-0.07442908	0.12443186
258	-1.5096225	0.56092703	-1.669873	0.83702797	-0.53894335	0.09078077	0.0273625	1.7980875	0.2850375	-0.09635518	-0.03526155	0.11839353
259	-1.472568	0.56818515	-1.672167	0.82963926	-0.5438584	0.12342557	0.0721875	2.013825	0.3265625	-0.07428758	0.049057208	0.038149353
260	-1.4341973	0.57387334	-1.6741672	0.81968623	-0.54899377	0.16136217	0.2264625	2.2818124	0.4404125	0.003968199	0.038091656	-0.056882054
261	-1.3894708	0.579621	-1.6784021	0.8069199	-0.5560307	0.19755408	0.230725	1.8954375	0.4862	0.0944104	-0.08892342	-0.24556631
262	-1.3419292	0.5879279	-1.6923561	0.79536253	-0.56404907	0.22037232	-0.0077	1.1397375	0.53295	0.14061606	-0.14584392	-0.4551277
263	-1.2896237	0.6081958	-1.6980691	0.7784045	-0.5822445	0.23322763	-0.726	0.8842625	0.3658875	0.2657393	0.07204571	-0.18104109
264	-1.2826028	0.61912876	-1.6880045	0.7715419	-0.5875237	0.24260297	-0.7951625	1.2486374	0.0924	0.37055296	0.1488846	-0.19601275
265	-1.2703536	0.6268012	-1.6716869	0.7703103	-0.5894531	0.24183542	-0.831325	0.174625	-0.045925	0.3564023	0.20249592	-0.22032166
266	-1.265125	0.6297775	-1.6518986	0.77360034	-0.59001803	0.22964863	-0.670725	-0.34141248	-0.080025	0.38847917	0.2448651	-0.16420521
267	-1.2786808	0.6309211	-1.6325368	0.7799732	-0.5889492	0.20999463	-0.5259375	-1.1924	-0.243925	0.5513265	0.18446912	-0.1597347
268	-1.3381622	0.6249975	-1.6121535	0.8118119	-0.5669465	0.13729538	-0.472725	-2.6789124	-1.1517	0.5914449	-0.11857335	-0.20162259
269	-1.4597039	0.58614063	-1.5915006	0.84688646	-0.53095734	0.013578842	-1.437975	-2.56795	-1.03675	0.013663985	-0.22581635	0.13921933
270	-1.6023338	0.5481202	-1.5293013	0.8633133	-0.49687937	-0.08436998	-3.4227874	-0.3906375	-1.0197	-0.057197075	-0.6400166	0.16785622
271	-1.6572312	0.52692264	-1.4720145	0.87528807	-0.4687919	-0.11585509	-4.4529376	0.7326	-1.26335	-0.0044470774	-0.9757494	0.11443307
272	-1.6951745	0.49725556	-1.391739	0.88392955	-0.43269122	-0.17539696	-4.7273874	-1.5483875	-1.173975	-0.0065595484	-1.3732262	-0.46324217
273	-1.7486523	0.45779422	-1.2945799	0.88905036	-0.40622398	-0.20949657	-1.9988375	-0.0033	-0.6961625	-0.28212374	-1.0847087	-0.29917318
274	-1.798714	0.42407814	-1.2281479	0.8904211	-0.39614367	-0.22257146	-1.3528625	-0.38953748	-0.0715	-0.4383263	-0.26929975	0.11910051
275	-1.8114976	0.40934888	-1.2039092	0.8838314	-0.39405805	-0.25075388	-1.502875	-1.1254375	0.442475	-0.50565094	-0.043862432	0.24422483
276	-1.8387474	0.40496963	-1.1811268	0.87261486	-0.39851254	-0.28115514	-1.4911875	-0.94545	0.85965	-0.5743427	0.0076868725	0.35607868
277	-1.874608	0.40807143	-1.1544278	0.8589686	-0.4077783	-0.30855736	-1.10165	-1.1202124	0.9629125	-0.5022866	0.0806682	0.48092738
278	-1.9075167	0.41732115	-1.1285944	0.84426254	-0.41182804	-0.34195864	-0.7717875	-1.85295	0.265925	-0.13264175	0.12008492	0.4378761
279	-1.9891231	0.41454387	-1.1069158	0.83322144	-0.37032658	-0.4097777	-1.1750749	-0.23045	-1.0239625	0.2893015	0.14474554	0.12639849
280	-2.0259786	0.3865346	-1.0992999	0.8487098	-0.35342467	-0.3925556	-0.1502875	1.6537125	-0.3546125	-0.08724195	0.2956265	0.18388587
281	-2.0128376	0.3631152	-1.0986729	0.8561309	-0.36155146	-0.36829048	0.89265	0.7880125	0.556325	-0.40455598	0.28367683	0.23087458
282	-1.9826472	0.36555016	-1.1100303	0.852913	-0.38589352	-0.35063204	1.793	0.305525	0.8831625	-0.35933504	0.15551127	0.2056779
283	-1.9656073	0.38862312	-1.1353794	0.8502878	-0.41542447	-0.3221029	2.225025	1.012	0.8459	-0.20625111	0.058039125	0.049212996
284	-1.942526	0.42045513	-1.1747099	0.8539732	-0.43999985	-0.2764905	2.0972874	1.9655625	0.4819375	-0.021450283	0.012583931	-0.23951867
285	-1.8987967	0.45003432	-1.2194965	0.8601835	-0.45463252	-0.22958829	1.4652	1.4746875	0.2924625	0.01993889	-0.043119784	-0.8228124
286	-1.842971	0.46868277	-1.2616264	0.85910267	-0.45970732	-0.22344857	0.3711125	-0.917125	-0.1885125	0.53519404	-0.35130185	-1.0135545
287	-1.822249	0.4782039	-1.2874825	0.8600885	-0.45114723	-0.23670854	-0.5418875	-0.095425	-0.51315	0.85469735	-0.47412798	-0.6009061
288	-1.838436	0.4713386	-1.2938409	0.8715507	-0.43258247	-0.2293233	-1.4570875	1.644225	-0.8133125	0.48166034	-0.12226464	-0.5938113
289	-1.8339577	0.45324793	-1.2802409	0.88284814	-0.4196883	-0.20918463	-0.7558375	1.1878625	-0.062975	-0.03228241	0.04109505	0.12386354
290	-1.8082536	0.43434504	-1.2605553	0.87606734	-0.43146724	-0.21368018	0.115775	-0.72765	0.9651125	-0.104813516	-0.5057346	0.6416159
291	-1.8066273	0.44132766	-1.2543883	0.8673089	-0.44901702	-0.21325146	0.5489	0.3944875	0.6373125	0.20344031	-0.872191	0.47858787
292	-1.8153499	0.46196157	-1.2614406	0.86739504	-0.45355722	-0.20304967	-0.3887125	0.7744	0.122237496	-0.16117178	-1.0163664	-0.60907567
293	-1.8041236	0.47067016	-1.2674651	0.86707073	-0.4620429	-0.18445061	-0.291775	1.309275	0.507375	-0.5126365	-0.329899	0.40249345
294	-1.7650687	0.4907205	-1.2596215	0.85711354	-0.48929274	-0.15895408	-0.054449998	0.1777875	0.772475	-0.27168542	0.059124548	0.39575836
295	-1.7550483	0.50759554	-1.2590836	0.85398275	-0.49634314	-0.15386468	0.1700875	0.001925	0.4329875	0.012683965	-7.057773E-4	0.2954549
296	-1.7498584	0.51717496	-1.2653401	0.85215646	-0.50499296	-0.13464142	0.655325	1.32715	0.4659875	0.18373035	-0.12528227	0.2547179
297	-1.7363743	0.5266317	-1.2770205	0.8515868	-0.5145842	-0.09654192	0.8776625	1.8211875	0.4213	0.2853092	-0.15625681	0.17146546
298	-1.6958325	0.5380097	-1.2976444	0.85192484	-0.5205598	-0.050585333	1.0714	2.3571625	0.1923625	0.17151555	-0.066596165	0.07280246
299	-1.6457087	0.5463076	-1.3229854	0.85081774	-0.5247582	0.0074120467	0.9543875	2.791525	0.14025	-0.116979815	-0.00226014	-0.25073007
300	-1.5795938	0.5518705	-1.3521696	0.8453843	-0.5325744	0.03173912	0.149875	0.5891875	0.2275625	-0.24120998	-0.03358766	-0.48189205
301	-1.5372722	0.56067955	-1.3686384	0.842749	-0.5364398	0.036389735	0.1434125	0.2259125	0.1062875	-0.06181632	-0.046236046	0.0075399294
302	-1.529792	0.56586915	-1.3756683	0.84012985	-0.5394645	0.049769327	0.3796375	0.69795	0.22013749	-0.048692558	-0.019052342	0.13188204
303	-1.5169263	0.5689713	-1.3866159	0.83595425	-0.5434202	0.07205844	0.43395	1.2067	0.2924625	-0.06765147	0.031998154	0.0504645
304	-1.4928869	0.57339597	-1.4013562	0.8307171	-0.5470381	0.09987816	0.30415	1.49985	0.2904	-0.047032084	0.094637446	0.02561113
305	-1.4603055	0.57773256	-1.4160119	0.8239417	-0.5510794	0.12941845	0.261525	1.6693875	0.37867498	-0.043712355	0.14393869	-0.009341998
306	-1.4249586	0.5821664	-1.4276822	0.81454974	-0.5556073	0.16470122	0.49774998	2.0367875	0.4978875	0.043049645	0.0956685	-0.10884496
307	-1.3840009	0.5873207	-1.4410819	0.8024584	-0.5611899	0.20110549	0.686125	1.6108125	0.4882625	0.16257216	-0.024941644	-0.24717583
308	-1.3365223	0.5944741	-1.4611664	0.79243875	-0.56663805	0.22423045	0.671275	0.703175	0.5042125	0.14528304	-0.08637416	-0.36326715
309	-1.3018055	0.6011157	-1.4838374	0.7854886	-0.5723848	0.23388062	0.491425	0.119075	0.493625	0.13805878	-0.03209537	-0.32776442
310	-1.2846783	0.6079744	-1.5048155	0.7809201	-0.57583904	0.24060385	0.27225	0.3421	0.311575	0.22489035	0.04444759	-0.18964055
311	-1.275419	0.6127812	-1.520988	0.776081	-0.578223	0.25034702	-0.0088	0.6194375	0.2222	0.27365908	0.05039425	-0.18979657
312	-1.262614	0.61572456	-1.5306308	0.7724531	-0.58152634	0.25389045	-0.2833875	0.229075	0.20735	0.2968588	0.07591471	-0.25694856
313	-1.2541927	0.61942387	-1.532835	0.77167267	-0.58540374	0.24726681	-0.38555	-0.43147498	0.17215	0.388465	0.115678936	-0.31240445
314	-1.2579389	0.6242147	-1.5302912	0.7772357	-0.58683497	0.22549199	-0.243925	-1.5211625	-0.078925	0.53060836	0.11201842	-0.21815252
315	-1.3172727	0.6222219	-1.5256872	0.80805	-0.566457	0.1596841	0.0264	-2.5993	-0.83875	0.6186626	-0.055056803	-0.19037217
316	-1.362686	0.60658157	-1.5263035	0.8264229	-0.5522929	0.10637201	-0.3366	-3.361325	-0.9004875	0.30976975	-0.09071936	-0.1797665
317	-1.4249158	0.5895751	-1.5220976	0.8412066	-0.5380801	0.046456914	-0.7228375	-2.9332874	-0.880275	0.068885125	-0.08883121	0.076066025
318	-1.4989169	0.57253546	-1.5093801	0.8453715	-0.5335344	-0.002226486	-1.36675	-1.9146875	-0.734525	-0.1601574	-0.16463077	0.17022343
319	-1.5599705	0.5666174	-1.4879905	0.85115564	-0.52225655	-0.045819245	-2.3904376	-0.9579625	-0.7909	-0.13341865	-0.3531716	0.15886205
320	-1.6130022	0.55419433	-1.448747	0.86014646	-0.50295156	-0.08065555	-3.4472625	0.26675	-1.0484375	7.098603E-4	-0.6346631	0.20247512
321	-1.656279	0.53391683	-1.3862292	0.8727158	-0.47311845	-0.11765871	-4.40715	-0.60307497	-1.3899875	0.11749831	-0.9533801	-0.08315168
322	-1.6907952	0.5026169	-1.3056982	0.8764284	-0.44019353	-0.19344343	-3.7398624	-1.68025	-0.84947497	0.025605232	-1.0873294	-0.44784096
323	-1.7713711	0.46388835	-1.2130048	0.8759394	-0.42759106	-0.22184142	-1.4411374	-0.07975	-0.2556125	-0.25759077	-0.4900389	-0.0029292188
324	-1.8156742	0.44481975	-1.1609786	0.87577873	-0.42343202	-0.2302916	-0.5589375	-0.25355	0.083875	-0.38587046	-0.04915209	0.26229468
325	-1.8257499	0.43750948	-1.14569	0.8692714	-0.42669824	-0.2482201	-0.3972375	-1.155825	0.425425	-0.42248237	-0.010304835	0.25627822
326	-1.8423743	0.4392968	-1.1397687	0.8561583	-0.4350597	-0.27754846	-0.1258125	-1.7796625	0.592625	-0.3750115	0.02007499	0.36419982
327	-1.9153767	0.45735708	-1.1383233	0.8274463	-0.44038734	-0.34743163	0.1923625	-2.3376374	-0.28861248	0.066850334	0.13090721	0.27403712
328	-1.9577131	0.45697236	-1.148117	0.8295864	-0.42338696	-0.36310738	0.36685	-0.637725	-0.6472125	0.13402215	0.2063686	0.15566088
329	-1.9819748	0.43939134	-1.1652112	0.8370536	-0.41667327	-0.3536124	0.72655	0.5336375	-0.4653	-0.048980214	0.2766121	0.1666552
330	-1.9755459	0.43047935	-1.1841041	0.8412511	-0.4216689	-0.33735648	1.2406625	0.3557125	0.0380875	-0.33930916	0.22247928	0.27691305
331	-1.9570174	0.4327632	-1.2074659	0.84349865	-0.4340841	-0.31527507	1.6567374	0.74085	0.1860375	-0.37040997	0.09402293	0.19743103
332	-1.9361968	0.44521177	-1.2378347	0.84781665	-0.44950694	-0.28012154	1.793	1.331275	0.3254625	-0.3239634	0.005271456	-0.019373879
333	-1.9010266	0.46182227	-1.2746733	0.84873897	-0.46739995	-0.2459599	1.6599	0.9502625	0.4202	-0.15302034	-0.03596397	-0.16046214
334	-1.8619615	0.48202184	-1.3099475	0.84769297	-0.48130745	-0.2215326	1.4950374	0.451	0.327525	0.07952419	-0.15436536	-0.4097671
335	-1.8192539	0.5094738	-1.3685032	0.8453293	-0.48790935	-0.21605632	0.393525	-0.6617875	-0.0374	0.4182793	-0.38415492	-1.0678428
336	-1.8301051	0.5048754	-1.3677073	0.8570345	-0.46518147	-0.2200344	-1.2911249	1.1292875	-0.652575	0.37068725	0.08486036	-0.42267203
337	-1.8159609	0.47161517	-1.3264941	0.8638674	-0.45986718	-0.20389304	0.4712125	0.574475	0.589325	0.006973585	-0.2771359	0.5220429
338	-1.8067273	0.4744773	-1.3231822	0.85687476	-0.4786376	-0.18970768	0.6903875	0.2792625	1.0406	0.3095931	-0.79617894	0.4711603
339	-1.7917346	0.49332178	-1.3344728	0.8486781	-0.49394095	-0.18731019	-0.242825	-0.0702625	0.5883625	0.43623015	-1.0604932	-0.1231944
340	-1.7870806	0.51407504	-1.340808	0.85035324	-0.49278912	-0.18268876	-0.7803125	1.3668875	-0.1640375	-0.12088842	-0.63707334	-0.30038464
341	-1.78765	0.517004	-1.3274447	0.8551971	-0.4925477	-0.15922323	-0.390775	1.4851375	0.30635	-0.59862214	0.006309124	0.424055
342	-1.7264669	0.5381489	-1.3147007	0.84653205	-0.5156491	-0.12964207	0.441375	0.4499	0.6777375	-0.33633325	0.18639828	0.3637858
343	-1.7264669	0.5381489	-1.3147007	0.8434101	-0.52314824	-0.119551755	0.737275	-0.225225	0.377575	-0.008746486	0.070548855	0.29702884
344	-1.7130061	0.54823947	-1.329801	0.83866876	-0.5316966	-0.11511256	0.9735	-0.1634875	0.4478375	0.2663313	-0.15137674	0.23549482
345	-1.7096727	0.557815	-1.3496112	0.8351758	-0.54225665	-0.08806898	1.35025	1.4894	0.443575	0.4436162	-0.21309502	0.15962861
346	-1.6879716	0.5702835	-1.375649	0.8362343	-0.5465586	-0.036103193	1.562	2.32045	0.0306625	0.2652948	-0.101560675	0.03446711
347	-1.6311617	0.577836	-1.4111223	0.83510077	-0.5493388	0.012274721	1.063975	1.7249374	0.1211375	-0.13591117	-0.0030618194	-0.29709125
348	-1.5687393	0.5811736	-1.44533	0.83248764	-0.5526603	0.029121522	0.5999125	0.0793375	0.1232	-0.21291581	0.00464802	-0.27855578
349	-1.5387089	0.58521056	-1.4654884	0.8315576	-0.5536066	0.036730077	0.7074375	0.0972125	0.0380875	-0.08966157	-0.013977502	0.08406503
350	-1.5299784	0.5868312	-1.4815665	0.82925886	-0.55563504	0.054005172	0.86817497	0.693825	0.1584	-0.120589145	-0.019793116	0.11347189
351	-1.5126561	0.5887946	-1.5013363	0.8254918	-0.55817777	0.07948598	0.801075	1.0539374	0.2275625	-0.1196814	0.016694598	0.06404613
352	-1.4501947	0.5945735	-1.5417649	0.82068074	-0.5606417	0.10714888	0.654225	1.28425	0.2435125	-0.0889835	0.07215542	0.058600355
353	-1.4501947	0.5945735	-1.5417649	0.813886	-0.5629004	0.1415973	0.6851625	1.88815	0.280775	-0.055889055	0.058512047	0.008051026
354	-1.4109586	0.5972947	-1.5592244	0.80282116	-0.56605816	0.18540105	0.898975	2.293225	0.3328875	0.030099263	-0.03863606	-0.13147138
355	-1.3590877	0.60130537	-1.5790671	0.7901153	-0.56968683	0.22470398	0.9117625	1.4757875	0.4851	0.09317218	-0.13072604	-0.33887827
356	-1.2733495	0.61192924	-1.6270269	0.7731157	-0.5829312	0.2485971	0.229625	0.1065625	0.56168747	0.22321457	0.015545911	-0.37887233
357	-1.2620902	0.62027407	-1.6432661	0.7679161	-0.587748	0.25332618	-0.1183875	0.473	0.31913748	0.33136532	0.12761037	-0.21204177
358	-1.2549455	0.62684655	-1.6497877	0.7648623	-0.59038574	0.25641283	-0.410025	0.3337125	0.1115125	0.3483945	0.17193007	-0.24173392
359	-1.2534853	0.63210934	-1.637141	0.77339476	-0.5902253	0.22980833	-0.627	-1.156925	-0.258775	0.4797092	0.19644852	-0.28710192
360	-1.274144	0.6319433	-1.6227751	0.78663546	-0.58401686	0.19860986	-0.38334998	-1.7807624	-0.666325	0.6862545	0.091662094	-0.14957316
361	-1.3130636	0.6266849	-1.6084596	0.80460656	-0.57026404	0.16347587	-0.28545	-2.215125	-0.9559	0.69753414	-0.04176957	-0.20465325
362	-1.3580247	0.61147326	-1.5967261	0.8232102	-0.5564215	0.10971439	-0.505725	-3.4409375	-0.882475	0.3353984	-0.13715649	-0.21969908
363	-1.4193714	0.59432644	-1.584024	0.8389187	-0.5418498	0.043947525	-0.687775	-3.350875	-0.96965	0.16352782	-0.122676246	0.062474493
364	-1.4996598	0.5774912	-1.5668046	0.85056335	-0.52510446	-0.01114691	-1.1240625	-2.313575	-1.125025	0.012433638	-0.17428392	0.19666679
365	-1.5692436	0.5587077	-1.546002	0.86063516	-0.505432	-0.056238152	-2.1467874	-1.1233749	-1.156925	-0.032087687	-0.4109747	0.16460207
366	-1.6246948	0.5364846	-1.5110288	0.8684453	-0.4884145	-0.081064425	-3.1183624	0.110825	-1.1198	0.07416942	-0.7490932	0.18381672
367	-1.664278	0.5103792	-1.4508535	0.88430804	-0.45195332	-0.114257224	-4.488	-0.064075	-1.3145	0.18919352	-1.0770987	-0.058021065
368	-1.6883185	0.47834787	-1.367858	0.88785034	-0.42001876	-0.18607375	-3.9654999	-1.6990875	-0.8196375	0.04130868	-1.1416479	-0.40536353
369	-1.7604799	0.44144738	-1.2696007	0.88781816	-0.40574062	-0.2155709	-1.3591875	-0.286	-0.5152125	-0.25673252	-0.48773035	-0.0013557049
370	-1.8052295	0.4219057	-1.2140061	0.88833845	-0.39828926	-0.22701965	-0.4184125	-0.4932125	-0.0704	-0.43573907	-0.036985964	0.22416034
371	-1.818029	0.4105075	-1.2005396	0.88111055	-0.40152285	-0.24847643	-0.2322375	-1.4667125	0.41593748	-0.52178335	0.013143644	0.24511252
372	-1.8760916	0.4196447	-1.1932693	0.85079914	-0.4153246	-0.32087925	0.1456125	-2.2779624	0.180675	-0.24488173	0.14579862	0.3963074
373	-1.9205427	0.42718983	-1.1944381	0.8379712	-0.41179305	-0.35713798	0.1881	-2.237125	-0.40039998	0.021860626	0.15991232	0.33430925
374	-1.9635525	0.42590007	-1.2021325	0.83435196	-0.39664117	-0.381903	0.10615	-1.111825	-0.83875	0.20367557	0.1759531	0.20208648
375	-1.9957967	0.4114546	-1.2140777	0.8397323	-0.38452703	-0.3824993	0.4393125	0.131725	-0.571725	5.276803E-4	0.23682061	0.17363082
376	-2.000564	0.39637744	-1.2268181	0.8417409	-0.38869685	-0.3737696	1.1192499	0.056375	0.091299996	-0.36937088	0.17095985	0.2762161
377	-1.9914026	0.39650792	-1.2440228	0.8412177	-0.40467027	-0.35764775	1.6823125	0.4918375	0.3829375	-0.43918407	0.0016121567	0.21656212
378	-1.9787081	0.4115383	-1.2696507	0.8443231	-0.4265874	-0.3232015	1.8909	1.51965	0.583	-0.37735063	-0.05281625	0.0032167793
379	-1.948024	0.4345817	-1.3020217	0.84831864	-0.4501169	-0.27761012	1.7216375	1.882925	0.6202625	-0.17573456	-0.022772983	-0.18671712
380	-1.9004997	0.46126425	-1.3348058	0.85142845	-0.46649963	-0.23825309	1.4620374	1.15225	0.3861	0.08965724	-0.05960129	-0.3447286
381	-1.8294494	0.49415395	-1.3895582	0.8483025	-0.47126266	-0.24002393	-0.209825	-0.4367	-0.3694625	0.79909813	-0.3729728	-0.8926978
382	-1.8444645	0.4928889	-1.3951973	0.8557778	-0.4582705	-0.23864163	-0.84315	0.82156247	-0.7068875	0.5934577	-0.06783045	-0.46247458
383	-1.8456448	0.48069435	-1.3874441	0.8678423	-0.43918222	-0.23083776	-0.7569375	0.813175	-0.241725	0.03276926	0.16965622	-0.055507805
384	-1.833581	0.456918	-1.3713298	0.8673681	-0.44540116	-0.22047164	0.0114124995	0.6268625	0.5808	-0.08102255	-0.36336032	0.4863279
385	-1.8229026	0.45886105	-1.3605989	0.8616104	-0.4612746	-0.21016718	0.3212	0.3944875	0.8394375	0.20383306	-0.7666612	0.52606934
386	-1.8127	0.4750415	-1.3599415	0.8569787	-0.46992898	-0.20993261	-0.5344625	-0.0724625	0.2574	0.16545248	-1.0278233	-0.42665765
387	-1.8095042	0.488681	-1.3582993	0.85668135	-0.47451022	-0.2006346	-0.1832875	1.223475	0.0594	-0.295718	-0.48003113	0.06373857
388	-1.8068538	0.4944195	-1.3470067	0.8563018	-0.4829646	-0.18113445	0.3647875	0.694925	0.625625	-0.43734157	0.023331579	0.73434544
389	-1.7837493	0.5006797	-1.3483825	0.84904736	-0.49895442	-0.17169785	0.6606875	-0.087037496	0.853325	-0.3388486	0.13646206	0.4876
390	-1.7716571	0.5176427	-1.356873	0.8414622	-0.5122166	-0.16997759	0.8617125	-0.5215375	0.53515	-0.05074354	0.13137569	0.32084915
391	-1.7700996	0.53439486	-1.3725686	0.8387083	-0.520782	-0.15707283	1.243825	0.56815	0.3169375	0.19054247	0.01792266	0.27378535
392	-1.7627338	0.545168	-1.3950154	0.8389139	-0.53026295	-0.119841166	1.4641	1.5709375	0.3680875	0.29972523	-0.060761496	0.17407665
393	-1.7253426	0.5561506	-1.4261183	0.8407475	-0.5353477	-0.07657618	1.291675	1.7939625	-0.0023375	0.2656745	-0.07321496	0.028762724
394	-1.675131	0.5644685	-1.4589953	0.84129643	-0.5387969	-0.035155326	0.6106375	2.1572375	-0.0853875	-0.095730714	-0.057839178	-0.308071
395	-1.6257656	0.569471	-1.4820255	0.8409584	-0.5403768	-0.009944618	0.033825	0.952325	0.0061875	-0.25360367	-0.04872109	-0.27028474
396	-1.5879155	0.5710393	-1.4894216	0.8407711	-0.5407544	0.0024178112	0.17325	0.5839625	-0.0396	-0.13598515	-0.03834349	0.13622133
397	-1.571814	0.5717233	-1.4917045	0.83964264	-0.54214066	0.020027949	0.4615875	0.9282625	0.098725	-0.13800654	-0.004954148	0.17527786
398	-1.5535119	0.5727299	-1.499709	0.83762974	-0.54361975	0.046597358	0.63195	1.3083125	0.0902	-0.08227803	0.020683989	0.082561664
399	-1.5242593	0.57465595	-1.5145916	0.8339368	-0.5456852	0.07806513	0.623425	1.5239125	0.2190375	-0.09223955	0.02764236	0.025910411
400	-1.4475394	0.580728	-1.5472347	0.818913	-0.5535888	0.149125	0.8138625	1.8965375	0.40205	-0.012796783	0.012610228	-0.083268724
401	-1.4034897	0.5856185	-1.5650804	0.80724907	-0.5594045	0.18636803	0.9948125	1.5092	0.60115	0.061665345	-0.057216324	-0.22826408
402	-1.3556042	0.5920644	-1.5890383	0.79517496	-0.56719786	0.21283954	0.95865	0.7524	0.7500625	0.11522262	-0.10925471	-0.32843587
403	-1.3172946	0.6009461	-1.6175753	0.7851343	-0.5750645	0.22843441	0.6468	0.380875	0.69575	0.1604314	-0.03869701	-0.36340386
404	-1.292841	0.61050177	-1.6434779	0.77839214	-0.58048815	0.23760535	0.18493749	0.4279	0.459525	0.23984946	0.093026355	-0.31661144
405	-1.2675526	0.6228411	-1.6635208	0.7713307	-0.5874433	0.24346706	-0.4547125	0.1128875	0.1148125	0.3763757	0.17368183	-0.25121936
406	-1.2645633	0.6269469	-1.6578207	0.77298856	-0.5881812	0.23632337	-0.3482875	-0.3466375	-0.047025	0.47522247	0.21131575	-0.2070726
407	-1.2714882	0.6288053	-1.6493354	0.7801442	-0.58531886	0.21930362	-0.0268125	-1.351625	-0.28435	0.6040607	0.17961548	-0.13041984
408	-1.2900003	0.62688947	-1.644117	0.79524016	-0.57442445	0.1922148	0.34347498	-2.189	-0.797225	0.79650295	0.079118654	-0.10678665
409	-1.3235519	0.6164714	-1.6451315	0.8151612	-0.5576816	0.15433809	0.36685	-2.8661876	-0.947375	0.64355433	-0.05046823	-0.18961331
410	-1.3702848	0.5968723	-1.6494097	0.83435845	-0.541119	0.10175155	-0.0055	-3.4241624	-0.928125	0.30845502	-0.14267308	-0.15710323
411	-1.4322352	0.57663167	-1.649846	0.8466299	-0.5296769	0.044464298	-0.473825	-2.9970875	-0.6919	0.013201924	-0.17165335	0.08030635
412	-1.5020437	0.5617795	-1.6413321	0.851114	-0.52428323	-0.007029516	-1.2815	-2.20055	-0.618475	-0.1443861	-0.25594616	0.1515708
413	-1.5644143	0.55520946	-1.6197442	0.8560053	-0.51330036	-0.05563415	-2.5447125	-1.1946	-0.749375	-0.10993497	-0.43298405	0.14084822
414	-1.6225384	0.54372865	-1.5764394	0.8651323	-0.49197334	-0.093945414	-3.793075	0.2855875	-1.173975	0.009378478	-0.6988523	0.18201882
415	-1.6703068	0.5223565	-1.5053375	0.8791673	-0.45624802	-0.13498177	-4.86475	-0.7403	-1.5965124	0.11838617	-1.001963	-0.12128735
416	-1.707805	0.48534295	-1.4128554	0.88181835	-0.42001176	-0.21284646	-3.892075	-1.6352875	-0.7601	-0.011482005	-1.0543002	-0.38888136
417	-1.7912608	0.44167003	-1.3098209	0.87762016	-0.4131578	-0.24166225	-1.5145625	-0.22	-0.1056	-0.24653453	-0.41783604	0.055729527
418	-1.835436	0.42848238	-1.2522128	0.87517923	-0.4109187	-0.25401676	-0.54725	-0.496375	0.2019875	-0.35641772	-0.062169988	0.30375683
419	-1.8497864	0.42329046	-1.2328845	0.8661793	-0.4161627	-0.27542576	-0.3568125	-1.3787125	0.5159	-0.39186734	-0.03816452	0.27186304
420	-1.8709227	0.42732668	-1.2244188	0.85052174	-0.4243717	-0.309579	-0.1258125	-2.1597126	0.509575	-0.30342692	-0.0033500118	0.35647503
421	-1.9086704	0.43611175	-1.2179023	0.83248043	-0.42787716	-0.3510195	0.1254	-2.702975	-0.029975	-0.053994197	0.082204364	0.38760972
422	-1.9568814	0.44207966	-1.218987	0.8230543	-0.41603175	-0.38576752	0.2646875	-1.8676625	-0.77385	0.18887222	0.18116936	0.18902439
423	-2.0013366	0.43207553	-1.229933	0.82889724	-0.39457354	-0.3956751	0.2849	-0.3048375	-0.9867	0.16835044	0.26471114	0.12258639
424	-2.016417	0.40948632	-1.2471323	0.83526623	-0.38554993	-0.3911507	0.655325	0.0741125	-0.552475	-0.13954759	0.27862334	0.35628834
425	-2.0111778	0.39694667	-1.263762	0.8368873	-0.38915563	-0.38405055	1.1149875	-0.0325875	-0.044825	-0.37766713	0.22860518	0.42431048
426	-1.9900581	0.4096043	-1.3081924	0.84602827	-0.42127547	-0.3257002	1.8684875	1.980275	0.47341248	-0.4085206	-0.014198567	0.033544205
427	-1.9521701	0.4292845	-1.3396084	0.85283375	-0.44393197	-0.27370894	1.77375	2.0367875	0.5819	-0.18850656	-0.054034397	-0.14392102
428	-1.8525388	0.47469848	-1.4039925	0.8476183	-0.47012874	-0.2446218	0.8980125	-1.0731875	0.117975	0.32811567	-0.33303636	-1.0678093
429	-1.8489323	0.48775387	-1.4272814	0.84661067	-0.4711206	-0.24619746	0.2520375	0.17875	-0.1428625	0.6747961	-0.4255155	-0.80039275
430	-1.8477129	0.48612988	-1.4340346	0.8568442	-0.45633996	-0.23851426	-1.023	0.5880875	0.2211	0.0084005	0.1775479	-0.027036203
431	-1.842881	0.4743058	-1.4051441	0.8536936	-0.4642594	-0.23449413	0.263725	0.229075	0.6106375	0.13824826	-0.417499	0.8096165
432	-1.8405913	0.47961253	-1.3915359	0.84845525	-0.4784313	-0.22482158	0.4967875	0.42267498	0.671275	0.39149895	-0.76693565	0.6154485
433	-1.8331156	0.49509948	-1.396022	0.84690845	-0.48386925	-0.21893746	-0.8569	0.5137	0.10725	0.21558395	-0.9621094	-0.5861543
434	-1.82431	0.5057593	-1.394731	0.84071404	-0.5020355	-0.20118956	-0.4280375	1.8860875	0.086075	-0.33296177	-0.35801038	0.054507613
435	-1.8142205	0.5261789	-1.3751887	0.841438	-0.5104583	-0.17530413	0.2743125	1.0707124	0.6265875	-0.4737469	0.059586708	0.77366805
436	-1.7823222	0.5325007	-1.3727773	0.83551085	-0.5250852	-0.15976365	0.589325	0.3546125	0.8012125	-0.3778197	0.16840322	0.47933555
437	-1.7631731	0.54846233	-1.3810163	0.82820946	-0.53877807	-0.15200186	0.8138625	-0.192775	0.6213625	-0.13758254	0.17772299	0.3135768
438	-1.7436991	0.57859474	-1.4177772	0.81968176	-0.5623428	-0.10587515	1.31725	1.4894	0.5605875	0.38999718	-0.101678595	0.12830634
439	-1.711271	0.5937416	-1.446911	0.8196161	-0.5688188	-0.06317835	1.1724625	1.8588625	0.100925	0.3494971	-0.09030965	-0.022953147
440	-1.6614448	0.60428715	-1.4780393	0.81956494	-0.5718424	-0.02503559	0.5159	1.8745375	-0.0160875	-0.075726986	-0.029182142	-0.32470447
441	-1.6129097	0.60896325	-1.5003432	0.8193848	-0.57262397	-0.0052590286	0.0796125	0.6645375	-0.0108624995	-0.23661718	0.0018747331	-0.20850243
442	-1.5811898	0.6099847	-1.508298	0.8197652	-0.5720923	0.003591443	0.296725	0.3672625	-0.0523875	-0.14667651	0.035807893	0.15920672
443	-1.5696572	0.6095542	-1.5139169	0.81951135	-0.57210803	0.02027272	0.49568748	0.8540125	0.0796125	-0.09616274	0.053346556	0.1684123
444	-1.5524496	0.60896474	-1.52522	0.8168409	-0.57441217	0.04625004	0.6149	1.32715	0.198825	-0.0739204	0.041277617	0.075355455
445	-1.5234529	0.6112939	-1.541119	0.8122869	-0.5774913	0.07753042	0.5999125	1.4955875	0.2765125	-0.059886273	0.052414853	0.027867138
446	-1.485709	0.6147946	-1.5586939	0.8061822	-0.58079374	0.10984549	0.6276875	1.6108125	0.3232625	-0.043796834	0.07376009	-0.0036222488
447	-1.446194	0.6187647	-1.5765029	0.7985441	-0.58339393	0.14593187	0.8096	1.8264124	0.3818375	0.019299898	0.041910775	-0.10495329
448	-1.4026736	0.6219907	-1.596319	0.7879617	-0.5880488	0.18064348	0.9128625	1.3333375	0.573375	0.10795569	-0.03152302	-0.2776924
449	-1.3561822	0.62711924	-1.6214408	0.77722394	-0.5949908	0.2030421	0.801075	0.56925	0.7011125	0.20248552	-0.07392356	-0.37674242
450	-1.301715	0.6437789	-1.6721271	0.76283085	-0.6061493	0.22358213	0.120037496	0.4635125	0.4148375	0.25276545	0.13478844	-0.27985126
451	-1.2892488	0.6496934	-1.6857697	0.7594728	-0.60828185	0.22915408	-0.2077625	0.401775	0.216975	0.28690338	0.19716564	-0.26646292
452	-1.2805537	0.65395766	-1.6862458	0.76476747	-0.6065522	0.21573702	-0.341825	-0.5476625	-0.20019999	0.44298482	0.24580295	-0.2312263
453	-1.2919779	0.65252465	-1.6804996	0.7749934	-0.6011269	0.1932577	-0.242825	-1.61645	-0.473825	0.56434906	0.18105045	-0.21149929
454	-1.357176	0.6354249	-1.6711056	0.8084294	-0.5750842	0.12262554	-0.1098625	-2.9415374	-0.9483375	0.5589559	-0.034502935	-0.25759494
455	-1.4049244	0.6176003	-1.6692629	0.8263328	-0.55924624	0.06111513	-0.458975	-3.64815	-0.9824375	0.29273444	-0.08815435	-0.12747599
456	-1.4771628	0.59846133	-1.6612445	0.8392863	-0.5430583	0.0018700529	-0.769725	-2.7416124	-1.0069125	0.09965857	-0.0973087	0.16704433
457	-1.5525948	0.57933605	-1.6474712	0.8495204	-0.52491736	-0.045761686	-1.46355	-1.7567	-1.1889625	0.016947502	-0.22381355	0.19438554
458	-1.6117393	0.5591544	-1.624927	0.86117184	-0.50020677	-0.08656668	-2.6863375	-0.5885	-1.3602875	0.08898102	-0.48389107	0.15934956
459	-1.6608969	0.5321149	-1.5834637	0.8751426	-0.46937913	-0.1145695	-3.8357	0.7462125	-1.402775	0.16441403	-0.8445811	0.1721689
460	-1.6952344	0.49817982	-1.5165745	0.8855731	-0.4337591	-0.16410555	-4.972275	-1.8205	-1.1941875	0.2019957	-1.1604304	-0.28696477
461	-1.7336954	0.45898303	-1.4308814	0.8841732	-0.40487552	-0.23158208	-3.1152	-0.808225	-0.5163125	-0.06123746	-1.024788	-0.33110908
462	-1.8167063	0.42331728	-1.3430148	0.88473773	-0.39313284	-0.24900419	-1.1463375	-0.074525	-0.2811875	-0.30197012	-0.2745583	0.10038033
463	-1.8428276	0.40701205	-1.3085991	0.8826136	-0.39005113	-0.26109436	-0.19607499	-0.875325	0.1381875	-0.46415794	-0.0046430617	0.34477937
464	-1.8538094	0.40035892	-1.306532	0.8696544	-0.39791384	-0.291003	0.27005	-2.2559624	0.5479375	-0.5010458	0.02370894	0.39059013
465	-1.8828394	0.40626854	-1.3170038	0.8471747	-0.41128996	-0.33533978	0.589325	-3.0452125	0.5522	-0.35645607	0.07051014	0.41251102
466	-1.9334866	0.42028275	-1.3336065	0.8237282	-0.4165115	-0.38380632	0.41799998	-3.2011375	-0.194975	-0.012719059	0.1392485	0.2881947
467	-1.9920983	0.42969218	-1.3548237	0.8113195	-0.4026719	-0.42300567	0.0774125	-1.7923125	-0.9750125	0.23435335	0.19839054	0.14207295
468	-2.0525475	0.3916855	-1.4002656	0.82698786	-0.37372574	-0.41921005	0.94476247	0.013475	-0.324775	-0.27744654	0.2453924	0.3726198
469	-2.0422966	0.3823897	-1.4275305	0.8261988	-0.38610604	-0.4094319	1.6385875	0.0270875	0.2094125	-0.45147407	0.113430195	0.39363682
470	-2.0341666	0.39187726	-1.4603373	0.8268569	-0.407703	-0.38652775	2.0856	0.769175	0.40315	-0.3817957	-0.023688428	0.245962
471	-2.0160327	0.41373247	-1.5007362	0.83410716	-0.4314563	-0.34267688	2.192025	1.9927875	0.3595625	-0.24603377	-0.072412215	-0.030304775
472	-1.9753822	0.4403067	-1.5456157	0.8460252	-0.44950518	-0.28548744	1.9897625	2.3549626	0.1956625	-0.04357878	-0.073124796	-0.32165325
473	-1.9129236	0.4621553	-1.5913807	0.85345995	-0.4613396	-0.2410172	1.6726875	1.02245	0.149875	0.13644834	-0.10084697	-0.6043498
474	-1.8555344	0.4766245	-1.6341767	0.8504943	-0.46728912	-0.2400365	0.63195	-1.4760625	-0.13859999	0.5914017	-0.40274152	-0.98942834
475	-1.8404809	0.48621237	-1.6656926	0.84889036	-0.4602387	-0.25861678	-0.54408747	-0.38334998	-0.5322625	0.8210332	-0.5067338	-0.90315694
476	-1.8639371	0.48178294	-1.6725864	0.8603793	-0.4410401	-0.25406355	-1.29965	1.549075	-0.7121125	0.3776483	-0.054066963	-0.5163799
477	-1.8634113	0.46220344	-1.6568091	0.86759794	-0.436329	-0.23708272	-0.5632	0.7921375	0.3499375	-0.08564073	-0.03625508	0.34055367
478	-1.8402698	0.4507217	-1.6371331	0.85790586	-0.4536194	-0.2398845	-0.0779625	-0.2220625	1.198175	-0.035887513	-0.52731335	0.7598692
479	-1.8416246	0.46529162	-1.626234	0.84928274	-0.47061133	-0.23782544	0.013612499	0.2908125	0.6191625	0.23175704	-0.70900637	0.4030701
480	-1.8451824	0.4871375	-1.6210558	0.8514077	-0.46808234	-0.23520438	-0.73768747	0.84975	-0.22055	-0.1915759	-0.5357862	-0.59649295
481	-1.8431544	0.4893369	-1.6112927	0.85493946	-0.4697149	-0.21854974	-0.02475	1.027675	0.443575	-0.5094807	-0.048022117	0.46564454
482	-1.8261665	0.48700345	-1.6016936	0.84944594	-0.48631284	-0.20312212	0.53185	0.3986125	0.9458625	-0.33579147	0.04564002	0.7402322
483	-1.8086364	0.5027957	-1.6041867	0.8406496	-0.50511676	-0.193603	0.7436	-0.3058	0.73095	-0.043600656	0.009092326	0.42215037
484	-1.7996622	0.5394674	-1.6307701	0.83400446	-0.5156288	-0.19462886	0.8639125	-0.604175	0.3095125	0.2130903	-0.057047073	0.3157298
485	-1.7996622	0.5394674	-1.6307701	0.8327062	-0.5230737	-0.17975418	1.1650375	0.8916875	0.2116125	0.30613178	-0.0801832	0.2947389
486	-1.7454919	0.5574005	-1.6777555	0.83657086	-0.53068805	-0.13355538	1.5013624	2.29845	0.20735	0.30032516	-0.03394497	0.22162877
487	-1.6735568	0.5633295	-1.7116231	0.8421729	-0.5341572	-0.068834394	1.5301	3.1977	-0.0490875	0.13947842	-0.025368756	-0.04431545
488	-1.6052274	0.56642556	-1.7342094	0.8429645	-0.53687936	-0.02210881	0.30525	1.3816	0.1062875	-0.25438648	-0.06312065	-0.6704447
489	-1.5903592	0.56849945	-1.7342914	0.84272265	-0.5374919	-0.015432332	0.115775	0.1117875	-0.1566125	-0.15821199	-0.057920936	-0.15368082
490	-1.5783198	0.56933045	-1.74053	0.84215826	-0.5385886	-0.003033019	0.46475	0.423775	-0.05555	-0.07559861	-0.021961873	0.27959266
491	-1.5581495	0.5725096	-1.75173	0.83969146	-0.5421889	0.016333187	0.720225	0.82995	0.181775	-0.11125106	-0.038132243	0.15817751
492	-1.5275394	0.57612425	-1.7654396	0.83261013	-0.5479389	0.076423824	0.506275	1.6160375	0.246675	-0.14147864	0.06364225	0.0338667
493	-1.489392	0.57923603	-1.77573	0.82652813	-0.5513555	0.11034302	0.4637875	1.807575	0.27335	-0.13978498	0.093863085	0.0026997926
494	-1.4490783	0.58327824	-1.7828557	0.8180693	-0.55451465	0.1503106	0.6829625	2.2074249	0.3436125	-0.030500468	0.04086018	-0.10076932
495	-1.3496037	0.59168607	-1.8066858	0.79477566	-0.5657653	0.21807867	0.8531875	0.6466625	0.7255875	0.17464328	-0.11455577	-0.39891967
496	-1.3100122	0.59931314	-1.8261182	0.78651404	-0.5726136	0.22984014	0.6829625	0.124437496	0.688325	0.19738501	0.011864349	-0.3760175
497	-1.2903653	0.60767525	-1.8442383	0.781546	-0.57659024	0.23674142	0.393525	0.2206875	0.451	0.27900445	0.14183488	-0.23021238
498	-1.2798599	0.61330026	-1.856191	0.77722347	-0.5791033	0.24470434	0.0848375	0.42473748	0.2998875	0.3452995	0.14821644	-0.22054532
499	-1.2642696	0.62028736	-1.8555732	0.7761431	-0.5852085	0.2333456	-0.2365	-0.853325	0.14135	0.44790897	0.16430631	-0.3106086
500	-1.2740908	0.6244547	-1.8459121	0.7847853	-0.5831924	0.20812458	0.0295625	-1.8843	-0.28325	0.6026766	0.15475208	-0.10751297
501	-1.3022426	0.62440103	-1.8365842	0.8009086	-0.5717743	0.17588848	0.3147375	-2.322925	-0.81427497	0.7983727	0.07136142	-0.06477226
502	-1.3437045	0.6133233	-1.8241297	0.8192109	-0.55639964	0.13649146	0.165825	-2.8557374	-0.8419125	0.64022344	-0.06367681	-0.21824986
503	-1.3917233	0.59466314	-1.8169228	0.83555514	-0.5427488	0.081168585	-0.28861248	-3.32255	-0.7962625	0.2818761	-0.13686892	-0.15996063
504	-1.4563603	0.5778266	-1.8034134	0.84617865	-0.53152055	0.028019212	-0.7473125	-2.4465375	-0.7695875	0.0061148894	-0.12669048	0.11652207
505	-1.5232416	0.56438893	-1.7791098	0.84932464	-0.5270666	-0.012869135	-1.56145	-1.5327125	-0.7547375	-0.17011975	-0.22583857	0.17403121
506	-1.6214379	0.5445469	-1.691793	0.8680346	-0.48828498	-0.086087316	-3.9760876	0.48345	-1.3899875	0.0758033	-0.7623725	0.19231056
507	-1.6614883	0.51917803	-1.610822	0.8816221	-0.4503303	-0.13878837	-5.1063375	-1.7356625	-1.5624125	0.15496808	-1.0664893	-0.2289945
508	-1.7060993	0.47879192	-1.5108701	0.8799165	-0.41755337	-0.22519667	-3.580225	-1.6069624	-0.5589375	-0.03843327	-0.96980137	-0.28867185
509	-1.8057597	0.43792653	-1.4038413	0.879403	-0.40768126	-0.24446629	-1.2442375	0.1777875	-0.1225125	-0.26961705	-0.25898543	0.1849403
510	-1.840463	0.42229065	-1.3504571	0.87917334	-0.40536305	-0.24910274	-0.4312	-0.2431	0.1370875	-0.38753727	-0.03572256	0.27662566
511	-1.8449206	0.4174137	-1.3319389	0.87119234	-0.40939447	-0.2696991	-0.1662375	-1.555675	0.379775	-0.3946327	-0.021492377	0.2901884
512	-1.86285	0.42032194	-1.3239491	0.8549826	-0.41732305	-0.30686057	0.131725	-2.4465375	0.428725	-0.30421805	0.025075339	0.39299205
513	-1.9033163	0.42836025	-1.3198682	0.8358625	-0.4217971	-0.3503399	0.312675	-2.9049625	-0.031075	-0.038309027	0.07878487	0.3698047
514	-2.0017593	0.42817944	-1.3306807	0.83231336	-0.3898531	-0.39317444	0.4445375	-0.1676125	-0.87175	0.14546955	0.2788439	0.14791448
515	-2.0131674	0.40357575	-1.345599	0.83810025	-0.38407046	-0.38651648	0.8405375	0.0961125	-0.440825	-0.19600543	0.2739787	0.3377856
516	-1.9959352	0.3989242	-1.380192	0.84075844	-0.40689012	-0.35620618	1.61315	0.800525	0.3584625	-0.45624778	0.0146424	0.20808691
517	-1.9787918	0.4143354	-1.4042999	0.8459955	-0.4266799	-0.31867477	1.7450125	1.678875	0.484	-0.34997106	-0.054772694	-0.014765595
518	-1.8953867	0.4588332	-1.4589505	0.85346246	-0.46049786	-0.24261238	1.2810875	0.6540875	0.3232625	0.13185865	-0.13349296	-0.5929686
519	-1.8542633	0.47539932	-1.4839141	0.8505014	-0.46572703	-0.24302931	0.441375	-0.983125	-0.1332375	0.5791622	-0.26688763	-1.100197
520	-1.8590671	0.48001683	-1.5002692	0.8594293	-0.44475585	-0.25078073	-1.321925	1.0131	-0.471625	0.34291017	0.14964882	-0.47715503
521	-1.8443371	0.45000932	-1.4553902	0.86557984	-0.44529098	-0.22760591	1.2353	0.0248875	0.6468	0.160307	-0.42891395	0.9199607
522	-1.8308603	0.45694947	-1.4581476	0.8586607	-0.46452895	-0.21501528	1.31615	0.0532125	0.6510625	0.3625473	-0.780838	0.63662076
523	-1.8196094	0.4785084	-1.4812514	0.855097	-0.46740115	-0.22285222	-0.4695625	-0.6837875	-0.308825	0.21390913	-0.84503007	-0.61251473
524	-1.821565	0.48863208	-1.4920889	0.8485337	-0.48451698	-0.21107163	-0.410025	1.9897625	-0.1353	-0.5951238	-0.33669096	-0.28464705
525	-1.8238305	0.50717455	-1.4763128	0.8511522	-0.49237925	-0.18005538	0.1115125	1.4694625	0.6925875	-0.5961063	-0.08693266	0.6074713
526	-1.7867988	0.51150995	-1.469432	0.8419085	-0.5131384	-0.16491263	0.3158375	0.0187	0.9629125	-0.24302474	-0.091341674	0.5696986
527	-1.764958	0.53400767	-1.4714189	0.8316999	-0.5281322	-0.16931888	0.385	-0.8512625	0.606375	0.042306196	-0.09949778	0.37482348
528	-1.7791725	0.5653096	-1.4833959	0.8241486	-0.5457063	-0.14933652	0.653125	1.8148625	0.3095125	0.20929174	-0.14878914	0.29265457
529	-1.7613435	0.57534385	-1.4921826	0.8295749	-0.5498067	-0.09399505	1.1268125	3.030225	0.0243375	0.13698477	-0.041936394	0.20550881
530	-1.7027847	0.58157367	-1.5113119	0.8337484	-0.5510012	-0.024047565	1.51195	3.31485	-0.0108624995	-0.11601141	0.055481337	0.043818206
531	-1.6215484	0.58358103	-1.5429368	0.83119935	-0.5547434	0.026163999	0.7893875	1.1878625	0.3562625	-0.33344707	0.10459046	-0.5485952
532	-1.533948	0.5930039	-1.5873479	0.8257261	-0.56197256	0.04099584	0.28393748	0.6457	0.20735	0.08783661	-0.009480067	0.11323963
533	-1.5018126	0.5997912	-1.6042049	0.8183828	-0.56838894	0.08062928	0.3488375	1.1031625	0.2765125	0.0068007377	0.019352248	0.10224533
534	-1.4721282	0.603793	-1.6143272	0.8132828	-0.5691208	0.11827684	0.59894997	1.6317124	0.2574	0.02942367	0.1317049	0.061646707
535	-1.3913839	0.6003221	-1.6461669	0.79928297	-0.56676817	0.19808464	1.1001375	1.3501124	0.47025	0.1377201	0.0343523	-0.3054241
536	-1.308041	0.6066403	-1.700385	0.7856316	-0.57569724	0.22510587	0.5924875	0.0647625	0.4552625	0.13719718	-0.03511315	-0.32897437
537	-1.2947677	0.61240375	-1.7214471	0.7827171	-0.5773491	0.23095335	0.2828375	0.2123	0.22013749	0.18506584	0.038816974	-0.16041817
538	-1.2863648	0.6151514	-1.7350024	0.7802146	-0.5775294	0.23883553	-0.0449625	0.595375	0.0977625	0.2507793	0.071917735	-0.1733921
539	-1.2769185	0.6154985	-1.7399999	0.77841395	-0.5787074	0.24184059	-0.35035	0.207075	0.083875	0.32086745	0.10898261	-0.22604549
540	-1.269746	0.6165537	-1.7366251	0.77960366	-0.57990485	0.23504406	-0.407825	-0.2849	0.0050875	0.38909662	0.15707609	-0.23259759
541	-1.275395	0.6183272	-1.7284217	0.785365	-0.5786428	0.21838428	-0.4302375	-1.0260249	-0.2641375	0.4712099	0.10819935	-0.23153412
542	-1.2929426	0.6180842	-1.7185407	0.79799247	-0.57091916	0.1912496	-0.3716625	-1.59225	-0.73562497	0.5733684	-0.019401973	-0.19583674
543	-1.3259431	0.6110883	-1.7071953	0.8145427	-0.5581096	0.1560487	-0.440825	-2.182675	-0.87065	0.44417286	-0.11620234	-0.24289885
544	-1.432208	0.5805776	-1.6754116	0.8464792	-0.530749	0.033103123	-0.9920625	-3.0881126	-0.9164375	0.14790924	-0.11695741	0.06822715
545	-1.5131779	0.5641167	-1.6519356	0.8552208	-0.5172254	-0.019803077	-1.5497625	-1.9053375	-0.8993875	-0.03248374	-0.19856972	0.16353397
546	-1.6311382	0.53161484	-1.5772226	0.871581	-0.4817135	-0.08726792	-3.564275	0.7943375	-1.012275	-0.034165066	-0.65376055	0.15220675
547	-1.6652101	0.50961894	-1.5120686	0.8815287	-0.45319316	-0.12977071	-4.8912873	-1.2835625	-1.1303875	0.09553551	-0.99064475	-0.286636
548	-1.6986313	0.47950247	-1.423992	0.87825984	-0.424094	-0.2193663	-4.382675	-2.053975	-0.3865125	-0.0640855	-1.0978173	-0.42385998
549	-1.7955693	0.4451103	-1.3171746	0.8772495	-0.41320455	-0.24292544	-1.9999375	0.650925	-0.159775	-0.27714247	-0.4966884	0.02182451
550	-1.8401088	0.4295443	-1.2507442	0.8802906	-0.4068149	-0.2427085	-1.321925	0.640475	-0.029975	-0.3900766	-0.038949624	0.17859533
551	-1.8400288	0.41906568	-1.2214663	0.87579507	-0.40713534	-0.25795498	-0.77288747	-0.9213875	0.5181	-0.47059625	-0.019577228	0.32534033
552	-1.8508365	0.41801652	-1.202539	0.8616839	-0.4161925	-0.2891397	-0.161975	-1.9471375	0.6595875	-0.354849	0.011712379	0.47415498
553	-1.8841528	0.4264782	-1.1919553	0.8441516	-0.42298463	-0.32834232	0.0785125	-2.69555	0.1584	-0.028555302	0.05122621	0.36300594
554	-1.9284703	0.4359675	-1.1941216	0.82763976	-0.4151403	-0.37681293	-0.3301375	-2.6192374	-0.504625	0.2329107	0.09536964	0.08150712
555	-1.9848804	0.43119296	-1.1985629	0.82761526	-0.39851663	-0.39440462	-0.2248125	0.082499996	-0.6727875	0.20480062	0.20891416	0.05709573
556	-2.0163212	0.41353106	-1.2017133	0.8379398	-0.3894888	-0.38140893	0.319	0.759825	-0.429	-0.10063096	0.2975469	0.21943647
557	-2.0029573	0.40146458	-1.2100189	0.84197986	-0.39276007	-0.3689538	0.9097	0.2300375	0.07755	-0.40936518	0.20407507	0.30993238
558	-1.9734294	0.41400254	-1.2491648	0.84662926	-0.42418158	-0.32032168	1.718475	1.5720375	0.459525	-0.35519195	-0.023020249	0.09168254
559	-1.8917423	0.45621064	-1.3132744	0.8596068	-0.46160206	-0.21752466	1.3363625	1.8913125	0.427625	0.037136327	-0.07917776	-0.3639279
560	-1.8314403	0.47620174	-1.34346	0.8608498	-0.47044048	-0.19219854	0.7117	0.325325	0.1882375	0.29950196	-0.15208247	-0.7879238
561	-1.7940578	0.48825988	-1.3683754	0.86050504	-0.46875983	-0.1977686	-0.506825	-0.33935	-0.2044625	0.67853165	-0.31370196	-1.0350602
562	-1.8011255	0.47903433	-1.3551719	0.8767562	-0.44507647	-0.18033977	-1.4326125	2.435675	-0.08855	0.18888603	-0.11149842	-0.1688957
563	-1.7826338	0.46332934	-1.3175377	0.8766579	-0.4524577	-0.16146156	-0.0034375	0.2134	0.8479625	0.012027087	-0.45254236	0.71364814
564	-1.7538193	0.465494	-1.3019474	0.86410445	-0.47248682	-0.1714557	-0.0864875	-0.539275	1.148125	0.25138485	-0.7918404	0.5302783
565	-1.7633636	0.48670533	-1.3013608	0.8572869	-0.48215282	-0.17861976	-0.9101125	-0.0974875	0.264825	0.2791046	-0.8222356	-0.12504996
566	-1.7760472	0.5017212	-1.2711781	0.865792	-0.4797264	-0.13994414	-0.2343	1.9457625	0.4170375	-0.60482866	0.08747869	0.56226826
567	-1.7402074	0.49863273	-1.2576387	0.8624694	-0.4925768	-0.11327796	0.3658875	1.1031625	0.8309125	-0.48162842	0.15476336	0.5973758
568	-1.7078549	0.5108407	-1.2600911	0.85658693	-0.505772	-0.09884712	0.6117375	0.0677875	0.589325	-0.15597533	0.13696466	0.29364833
569	-1.6872292	0.5364933	-1.2915008	0.8482922	-0.5177818	-0.10779388	0.8118	-0.2891625	0.2424125	0.36118793	-0.1843589	0.19667767
570	-1.6983117	0.5427259	-1.3101833	0.84946424	-0.5231831	-0.0633036	1.2651374	3.1505375	0.1626625	0.37000063	-0.10444683	0.0040834164
571	-1.6650554	0.5494361	-1.3358644	0.8505802	-0.5251685	0.0053317216	0.4860625	3.030225	0.065725	0.0659335	-0.0067428467	-0.5225642
572	-1.5814658	0.5527903	-1.3642825	0.84878534	-0.52780885	0.017281052	-0.61325	0.4844125	-0.18425	-0.11708811	0.02861922	-0.58069086
573	-1.5511663	0.55709535	-1.3613117	0.853054	-0.5208869	0.01710641	-0.36107498	0.2563	-0.4354625	-0.0665096	0.028944986	0.13518716
574	-1.5496184	0.54808486	-1.3495281	0.85744804	-0.5124754	0.038330335	0.0944625	1.082125	-0.161975	-0.07813611	-0.05368671	0.078076385
575	-1.5320303	0.539102	-1.3498366	0.8555125	-0.5131118	0.06427857	0.0955625	1.633775	-0.1087625	-0.087729625	-0.08280557	0.026547112
576	-1.5044761	0.5395921	-1.352935	0.85265034	-0.5132346	0.09431288	-0.001375	1.7708625	-0.0257125	-0.12930171	-0.05118436	-0.031621747
577	-1.4697174	0.5392868	-1.3544316	0.84793335	-0.51458794	0.124601774	-0.054449998	1.93105	0.0295625	-0.117046505	-0.027613876	-0.107583426
578	-1.4346417	0.5405537	-1.3527261	0.8399405	-0.51838624	0.15840822	0.0881375	2.2147124	0.086075	-0.049420595	-0.055008292	-0.16340822
579	-1.3533605	0.55041265	-1.3530309	0.8196543	-0.5299117	0.21605043	0.130625	1.1125125	0.328625	0.012348769	-0.17294766	-0.32950607
580	-1.3195127	0.5572926	-1.357227	0.81228316	-0.5387707	0.22189981	-0.18645	0.347325	0.4063125	0.040423248	-0.07468499	-0.297542
581	-1.305833	0.5669966	-1.3575044	0.807824	-0.5451711	0.2225443	-0.506825	0.4624125	0.33605	0.14599864	0.07381026	-0.16861461
582	-1.3031983	0.57452875	-1.3516135	0.8030055	-0.55073875	0.22624381	-0.7803125	0.7964	0.2498375	0.21554185	0.14573874	-0.10708479
583	-1.2927157	0.5872579	-1.3207661	0.79768384	-0.5577854	0.2278008	-1.0272624	0.370425	-0.1736625	0.457362	0.2719597	-0.2435959
584	-1.291189	0.59136957	-1.299374	0.8040138	-0.5554197	0.21068493	-1.129425	-0.670175	-0.54614997	0.65275997	0.24390593	-0.2802109
585	-1.3438133	0.58250314	-1.2455561	0.83244145	-0.53761965	0.13161722	-1.4570875	-2.129325	-0.87065	0.6782619	-0.019673882	-0.20765698
586	-1.3984135	0.570929	-1.213808	0.84575015	-0.5277787	0.07398534	-2.0988	-2.2925375	-0.7271	0.2577208	-0.18893386	-0.22088136
587	-1.4654659	0.5587926	-1.1764829	0.85353994	-0.5202848	0.0095313415	-2.8215	-1.965975	-0.62067497	0.029441703	-0.2233391	-0.07609098
588	-1.5412506	0.55018425	-1.1246004	0.8601961	-0.5071531	-0.046646334	-3.4216874	-0.907775	-0.9334875	-0.058667056	-0.22251053	0.101998016
589	-1.6105571	0.53751796	-1.0607799	0.87039053	-0.4835891	-0.08876665	-4.0165124	0.110825	-1.2676125	-0.07792875	-0.38674724	0.029026587
590	-1.6622913	0.51315457	-0.9862927	0.8836423	-0.45219648	-0.1183705	-4.3773127	0.984775	-1.19845	0.15172471	-0.6747148	-0.42769983
591	-1.7109005	0.44846475	-0.8259853	0.8957122	-0.4237381	-0.13214777	-1.46465	-0.1750375	0.1148125	-0.06279172	-0.2522099	0.19514471
592	-1.7176701	0.43971288	-0.7838129	0.88315976	-0.43422553	-0.17548396	1.1746625	-2.7792876	0.1254	-0.092441075	0.014546644	0.39933714
593	-1.8034533	0.44704852	-0.8466765	0.87404054	-0.4128764	-0.25476062	0.3328875	-1.6017375	-1.3113375	0.18742733	0.33845744	-0.18877152
594	-1.8480719	0.43154216	-0.8762389	0.8855626	-0.38252813	-0.26223713	0.4148375	-0.4816625	-1.3325125	0.096807465	0.27202353	0.03063161
595	-1.8580298	0.39841384	-0.9017938	0.8919076	-0.3657469	-0.26466405	0.9139625	-0.59785	-0.9579625	-0.05479748	0.13924843	0.19422063
596	-1.8586622	0.37779713	-0.92945105	0.8921208	-0.36011764	-0.2715753	1.4663	-1.0459625	-0.54614997	-0.23687612	-0.03651846	0.20837958
597	-1.8642073	0.36893824	-0.964111	0.888348	-0.36514917	-0.2771666	1.9174374	-0.938025	-0.1353	-0.40282807	-0.17338297	0.24036233
598	-1.8723248	0.37164244	-1.0065234	0.883779	-0.37924504	-0.2728096	1.9823375	-0.333025	0.312675	-0.53495634	-0.23156534	0.20155576
599	-1.8603618	0.4053175	-1.0927006	0.87956756	-0.3994704	-0.25710252	1.6226375	0.41745	0.707575	-0.603008	-0.20623298	0.04161323
600	-1.8367476	0.4299968	-1.121831	0.8709796	-0.44687164	-0.20252609	0.6744375	1.319725	1.1279125	-0.1971723	0.09213157	-0.23314668
601	-1.8070279	0.4570971	-1.1390483	0.8667734	-0.46417966	-0.18043904	0.4626875	0.7440125	0.769175	0.26360878	0.119531356	-0.30966797
602	-1.7806997	0.47858334	-1.1509675	0.8615477	-0.47482976	-0.17773564	0.0050875	-0.4158	0.4574625	0.6618927	0.011022423	-0.90422153
603	-1.7720773	0.49265394	-1.1583774	0.85848534	-0.47629493	-0.18831661	0.5020125	-0.70785	-0.192775	0.9446798	-0.0375736	-0.6216681
604	-1.7840669	0.49302882	-1.1865487	0.86294	-0.47183388	-0.17895396	1.1405625	-0.46805	-0.0598125	-0.06752714	0.4227972	0.067440204
605	-1.7761186	0.49064314	-1.2190602	0.8636788	-0.47378874	-0.17000219	0.8075375	0.131725	0.082775	0.021336446	0.03973677	0.14634776
606	-1.7680624	0.492542	-1.2440902	0.8624076	-0.47993556	-0.158847	0.89045	-0.0325875	0.2861375	0.35237828	-0.50069135	0.44742498
607	-1.749843	0.5080284	-1.2821583	0.85887665	-0.48747703	-0.15496527	0.43395	-0.14465	0.19139999	0.44581756	-0.791315	0.113069244
608	-1.752456	0.506257	-1.2807611	0.8663073	-0.48073184	-0.13313906	0.180675	1.34805	0.1456125	-0.550711	-0.20653114	0.28910238
609	-1.730646	0.5007866	-1.2769921	0.8620533	-0.49289936	-0.11502967	0.8776625	0.2479125	0.804375	-0.57275665	0.044168487	0.48781255
610	-1.7070147	0.5109974	-1.2873877	0.85296327	-0.50954264	-0.11017051	1.1715	-0.78113747	0.771375	-0.19944644	0.049909633	0.39335093
611	-1.6986406	0.5302442	-1.3103342	0.84503084	-0.52167857	-0.114418395	1.2161875	-1.2667875	0.542575	0.039174043	-0.004116548	0.30188018
612	-1.7026585	0.5455006	-1.3389537	0.83939433	-0.53162444	-0.11004324	1.3992	0.1285625	0.33935	0.23013161	-0.118222706	0.23450807
613	-1.706188	0.55810183	-1.36675	0.8402002	-0.5369122	-0.07145658	1.5631	1.763575	0.0605	0.27600783	-0.1329196	0.1156003
614	-1.6125443	0.5686449	-1.4363655	0.8405436	-0.5409253	0.014264837	0.6903875	1.2203125	0.1296625	-0.20945798	0.010237222	-0.37134436
615	-1.5421964	0.5747975	-1.4723434	0.83823067	-0.54408437	0.025659617	0.410575	0.0950125	0.1584	-0.17268023	0.007799957	-0.18254036
616	-1.5421964	0.5747975	-1.4723434	0.8359509	-0.54712474	0.03402704	0.589325	0.2583625	0.215875	-0.101088546	0.005427486	0.108281836
617	-1.5335431	0.578196	-1.4830987	0.83181804	-0.55195135	0.05239735	0.8861875	0.6738875	0.3350875	-0.0843104	-0.008094517	0.1308901
618	-1.5144464	0.5835338	-1.5003511	0.82663155	-0.5566722	0.07819019	1.0363375	0.9021375	0.33825	-0.059047457	-4.0728017E-4	0.06534191
619	-1.4847592	0.5894045	-1.5234835	0.8208358	-0.56077504	0.10524814	1.0500875	0.92097497	0.3818375	-0.05355751	0.023267416	0.018712103
620	-1.4517652	0.5943284	-1.5488795	0.81443703	-0.56362075	0.13542925	1.110725	1.30405	0.4085125	0.010945235	0.040486146	-0.05877787
621	-1.4167081	0.5978908	-1.574384	0.8054289	-0.56676364	0.17140767	1.177825	1.4735875	0.5159	0.108638324	0.022833938	-0.22695814
622	-1.3730112	0.6015074	-1.6013107	0.7952316	-0.5721704	0.19885935	0.9959125	0.7063375	0.6606875	0.17224549	-0.01834948	-0.3804037
623	-1.3334011	0.60740733	-1.6293334	0.786157	-0.5789616	0.21465781	0.72655	0.3975125	0.6617875	0.2194546	-0.019096525	-0.34880155
624	-1.3095177	0.6154911	-1.653167	0.7789272	-0.5844166	0.22593601	0.489225	0.3064875	0.5286875	0.21689849	0.057398263	-0.2483672
625	-1.2814373	0.6260514	-1.6816875	0.77406216	-0.5873701	0.23482198	0.163625	-0.1194875	0.2563	0.26569322	0.20194194	-0.20312472
626	-1.2766628	0.6271155	-1.6883135	0.7750255	-0.58762586	0.2309735	0.0284625	-0.355025	0.11055	0.35749745	0.2370601	-0.18754841
627	-1.2797544	0.6279339	-1.6908045	0.77913314	-0.5859451	0.22121738	-0.001375	-0.8501625	-0.110825	0.47060695	0.22489005	-0.20979536
628	-1.3131775	0.6213407	-1.6875442	0.8064344	-0.56592965	0.16942358	0.50105	-2.582525	-0.8834375	0.71864206	0.065211006	-0.07472938
629	-1.3519682	0.6067122	-1.6883783	0.8264664	-0.54762536	0.12797222	0.5190625	-3.0976	-1.0335875	0.51868653	-0.07021872	-0.12603031
630	-1.4029335	0.58533555	-1.6936167	0.8433742	-0.5317901	0.072362855	-0.1651375	-3.4859	-0.8111125	0.24205391	-0.23131388	-0.16849436
631	-1.4671037	0.5649494	-1.6930673	0.85157853	-0.5234346	0.012127787	-0.930325	-2.8452876	-0.4929375	-0.0017313902	-0.28655016	0.057902794
632	-1.6037096	0.54753494	-1.6389017	0.8586023	-0.50541276	-0.08171377	-3.0300875	-0.248325	-0.7695875	-0.11690501	-0.5106882	0.17345689
633	-1.6558656	0.5353001	-1.5799696	0.86988044	-0.4802043	-0.10967817	-3.8537126	0.48235	-1.3176625	-0.03368774	-0.75537676	0.16798092
634	-1.6886067	0.51000094	-1.4997009	0.8790031	-0.44450587	-0.1705434	-4.5104127	-2.4443374	-1.2357125	-0.0035749662	-0.9795462	-0.22028229
635	-1.7396717	0.47095332	-1.4076385	0.8763797	-0.42211834	-0.23041745	-2.1935375	-0.9119	-0.245025	-0.12347452	-0.7851141	-0.11809936
636	-1.8435364	0.4336449	-1.2930788	0.86664486	-0.422429	-0.26419201	-0.5121875	-1.0218999	0.41593748	-0.3158803	-0.056057237	0.18610334
